563076,22795,SWEETHEART RECIPE BOOK STAND,16.0,8/11/11 16:12,5.95,14646
563076,23176,ABC TREASURE BOOK BOX,72.0,8/11/11 16:12,1.95,14646
563076,22399,MAGNETS PACK OF 4 CHILDHOOD MEMORY,108.0,8/11/11 16:12,1.06,14646
563076,23268,SET OF 2 CERAMIC CHRISTMAS REINDEER,384.0,8/11/11 16:12,1.25,14646
563076,23270,SET OF 2 CERAMIC PAINTED HEARTS,192.0,8/11/11 16:12,1.25,14646
563076,23345,DOLLY GIRL BEAKER,200.0,8/11/11 16:12,1.08,14646
563076,23307,SET OF 60 PANTRY DESIGN CAKE CASES,240.0,8/11/11 16:12,0.42,14646
563076,47566,PARTY BUNTING,50.0,8/11/11 16:12,4.15,14646
563076,21731,RED TOADSTOOL LED NIGHT LIGHT,288.0,8/11/11 16:12,1.45,14646
563076,21787,RAIN PONCHO RETROSPOT,144.0,8/11/11 16:12,0.65,14646
563076,21843,RED RETROSPOT CAKE STAND,24.0,8/11/11 16:12,9.95,14646
563076,21976,PACK OF 60 MUSHROOM CAKE CASES,120.0,8/11/11 16:12,0.42,14646
563076,22077,6 RIBBONS RUSTIC CHARM,144.0,8/11/11 16:12,1.45,14646
563076,22078,RIBBON REEL LACE DESIGN,120.0,8/11/11 16:12,1.85,14646
563076,22131,FOOD CONTAINER SET 3 LOVE HEART,144.0,8/11/11 16:12,1.65,14646
563076,22231,JIGSAW TREE WITH BIRDHOUSE,72.0,8/11/11 16:12,0.59,14646
563076,22326,ROUND SNACK BOXES SET OF4 WOODLAND,240.0,8/11/11 16:12,2.55,14646
563076,22355,CHARLOTTE BAG SUKI DESIGN,100.0,8/11/11 16:12,0.72,14646
563076,22367,CHILDRENS APRON SPACEBOY DESIGN,50.0,8/11/11 16:12,1.65,14646
563076,22382,LUNCH BAG SPACEBOY DESIGN,100.0,8/11/11 16:12,1.45,14646
563076,22383,LUNCH BAG SUKI DESIGN,100.0,8/11/11 16:12,1.45,14646
563076,22417,PACK OF 60 SPACEBOY CAKE CASES,240.0,8/11/11 16:12,0.42,14646
563076,22418,10 COLOUR SPACEBOY PEN,288.0,8/11/11 16:12,0.72,14646
563076,22487,WHITE WOOD GARDEN PLANT LADDER,8.0,8/11/11 16:12,8.5,14646
563076,22551,PLASTERS IN TIN SPACEBOY,96.0,8/11/11 16:12,1.45,14646
563076,22555,PLASTERS IN TIN STRONGMAN,96.0,8/11/11 16:12,1.45,14646
563076,22629,SPACEBOY LUNCH BOX,320.0,8/11/11 16:12,1.65,14646
563076,22630,DOLLY GIRL LUNCH BOX,320.0,8/11/11 16:12,1.65,14646
563076,22661,CHARLOTTE BAG DOLLY GIRL DESIGN,200.0,8/11/11 16:12,0.72,14646
563076,22662,LUNCH BAG DOLLY GIRL DESIGN,200.0,8/11/11 16:12,1.45,14646
563076,22663,JUMBO BAG DOLLY GIRL DESIGN,100.0,8/11/11 16:12,1.79,14646
563076,22698,PINK REGENCY TEACUP AND SAUCER,24.0,8/11/11 16:12,2.55,14646
563076,22745,POPPY'S PLAYHOUSE BEDROOM,60.0,8/11/11 16:12,1.85,14646
563076,22899,CHILDREN'S APRON DOLLY GIRL,50.0,8/11/11 16:12,1.85,14646
563076,22904,CALENDAR PAPER CUT DESIGN,80.0,8/11/11 16:12,2.55,14646
563076,22951,60 CAKE CASES DOLLY GIRL DESIGN,240.0,8/11/11 16:12,0.42,14646
563076,22956,36 FOIL HEART CAKE CASES,144.0,8/11/11 16:12,1.85,14646
563076,23170,REGENCY TEA PLATE ROSES,48.0,8/11/11 16:12,1.45,14646
563076,23192,BUNDLE OF 3 ALPHABET EXERCISE BOOKS,48.0,8/11/11 16:12,1.45,14646
563076,23203,JUMBO BAG VINTAGE DOILY,200.0,8/11/11 16:12,1.79,14646
563076,23205,CHARLOTTE BAG VINTAGE ALPHABET,100.0,8/11/11 16:12,0.72,14646
563076,23206,LUNCH BAG APPLE DESIGN,100.0,8/11/11 16:12,1.45,14646
563076,23207,LUNCH BAG ALPHABET DESIGN,100.0,8/11/11 16:12,1.45,14646
563076,23209,LUNCH BAG VINTAGE DOILY,100.0,8/11/11 16:12,1.45,14646
563076,23254,CHILDRENS CUTLERY DOLLY GIRL,72.0,8/11/11 16:12,3.75,14646
563076,23256,CHILDRENS CUTLERY SPACEBOY,72.0,8/11/11 16:12,3.75,14646
563076,23280,FOLDING BUTTERFLY MIRROR HOT PINK,192.0,8/11/11 16:12,0.72,14646
563076,23281,FOLDING BUTTERFLY MIRROR RED,96.0,8/11/11 16:12,0.72,14646
563076,,SCOTTIE DOGS BABY BIB,96.0,8/11/11 16:12,0.39,14646
563076,48184,DOORMAT ENGLISH ROSE,30.0,8/11/11 16:12,6.75,14646
563076,,CREAM CUPID HEARTS COAT HANGER,128.0,8/11/11 16:12,3.75,14646
563076,84836,ZINC METAL HEART DECORATION,216.0,8/11/11 16:12,1.06,14646
563076,84976,RECTANGULAR SHAPED MIRROR,144.0,8/11/11 16:12,0.79,14646
563076,22244,3 HOOK HANGER MAGIC GARDEN,192.0,8/11/11 16:12,1.65,14646
563076,22356,CHARLOTTE BAG PINK POLKADOT,200.0,8/11/11 16:12,0.72,14646
563076,22384,LUNCH BAG PINK POLKADOT,200.0,8/11/11 16:12,1.45,14646
563076,22423,REGENCY CAKESTAND 3 TIER,32.0,8/11/11 16:12,10.95,14646
563076,22467,GUMBALL COAT RACK,36.0,8/11/11 16:12,2.1,14646
563076,22667,RECIPE BOX RETROSPOT,24.0,8/11/11 16:12,2.55,14646
563076,22697,GREEN REGENCY TEACUP AND SAUCER,24.0,8/11/11 16:12,2.55,14646
563076,23173,REGENCY TEAPOT ROSES,24.0,8/11/11 16:12,8.15,14646
563076,23201,JUMBO BAG ALPHABET,100.0,8/11/11 16:12,1.79,14646
563076,23245,SET OF 3 REGENCY CAKE TINS,32.0,8/11/11 16:12,4.15,14646
563076,23291,DOLLY GIRL CHILDRENS CUP,192.0,8/11/11 16:12,1.05,14646
563076,23292,SPACEBOY CHILDRENS CUP,192.0,8/11/11 16:12,1.05,14646
563076,23346,SPACEBOY BEAKER,200.0,8/11/11 16:12,1.08,14646
563076,23293,SET OF 12 FAIRY CAKE BAKING CASES,128.0,8/11/11 16:12,0.72,14646
563076,23295,SET OF 12 MINI LOAF BAKING CASES,128.0,8/11/11 16:12,0.72,14646
563076,23297,SET 40 HEART SHAPE PETIT FOUR CASES,240.0,8/11/11 16:12,1.45,14646
563076,23275,SET OF 3 HANGING OWLS OLLIE BEAK,192.0,8/11/11 16:12,1.04,14646
563076,23198,PANTRY MAGNETIC  SHOPPING LIST,48.0,8/11/11 16:12,1.25,14646
563076,22080,RIBBON REEL POLKADOTS,120.0,8/11/11 16:12,1.45,14646
563076,22892,SET OF SALT AND PEPPER TOADSTOOLS,72.0,8/11/11 16:12,1.06,14646
563076,20677,PINK POLKADOT BOWL,72.0,8/11/11 16:12,1.06,14646
563076,20719,WOODLAND CHARLOTTE BAG,200.0,8/11/11 16:12,0.72,14646
563076,20723,STRAWBERRY CHARLOTTE BAG,100.0,8/11/11 16:12,0.72,14646
563076,20725,LUNCH BAG RED RETROSPOT,100.0,8/11/11 16:12,1.45,14646
563076,20726,LUNCH BAG WOODLAND,100.0,8/11/11 16:12,1.45,14646
563076,20727,LUNCH BAG  BLACK SKULL.,100.0,8/11/11 16:12,1.45,14646
563076,20971,PINK BLUE FELT CRAFT TRINKET BOX,144.0,8/11/11 16:12,1.06,14646
563076,21124,SET/10 BLUE POLKADOT PARTY CANDLES,288.0,8/11/11 16:12,1.06,14646
563076,21122,SET/10 PINK POLKADOT PARTY CANDLES,288.0,8/11/11 16:12,1.06,14646
563076,21559,STRAWBERRY LUNCH BOX WITH CUTLERY,60.0,8/11/11 16:12,2.1,14646
563076,20972,PINK CREAM FELT CRAFT TRINKET BOX,144.0,8/11/11 16:12,1.06,14646
563076,22385,JUMBO BAG SPACEBOY DESIGN,100.0,8/11/11 16:12,1.79,14646
563076,22386,JUMBO BAG PINK POLKADOT,100.0,8/11/11 16:12,1.79,14646
563076,23189,SET OF 12 FORK CANDLES,48.0,8/11/11 16:12,2.49,14646
563076,22337,ANGEL DECORATION PAINTED ZINC,288.0,8/11/11 16:12,0.55,14646
563076,22336,DOVE DECORATION PAINTED ZINC,288.0,8/11/11 16:12,0.55,14646
563076,22945,CHRISTMAS METAL TAGS ASSORTED,144.0,8/11/11 16:12,0.72,14646
563076,22158,3 HEARTS HANGING DECORATION RUSTIC,256.0,8/11/11 16:12,2.55,14646
563076,22335,HEART DECORATION PAINTED ZINC,288.0,8/11/11 16:12,0.55,14646
563076,22603,CHRISTMAS RETROSPOT TREE WOOD,144.0,8/11/11 16:12,0.72,14646
563076,22601,CHRISTMAS RETROSPOT ANGEL WOOD,144.0,8/11/11 16:12,0.72,14646
563076,22594,CHRISTMAS GINGHAM TREE,144.0,8/11/11 16:12,0.72,14646
563076,23110,PARISIENNE KEY CABINET,16.0,8/11/11 16:12,4.95,14646
563076,22571,ROCKING HORSE RED CHRISTMAS,96.0,8/11/11 16:12,0.72,14646
563076,21261,GREEN GOOSE FEATHER CHRISTMAS TREE,6.0,8/11/11 16:12,2.95,14646
563076,84929,ASSTD FRUIT+FLOWERS FRIDGE MAGNETS,240.0,8/11/11 16:12,0.19,14646
563076,20977,36 PENCILS TUBE WOODLAND,128.0,8/11/11 16:12,1.06,14646
563076,22624,IVORY KITCHEN SCALES,12.0,8/11/11 16:12,7.65,14646
563076,22625,RED KITCHEN SCALES,12.0,8/11/11 16:12,7.65,14646
563076,22626,BLACK KITCHEN SCALES,12.0,8/11/11 16:12,7.65,14646
563076,21207,SKULL AND CROSSBONES  GARLAND,48.0,8/11/11 16:12,1.45,14646
563076,21544,SKULLS  WATER TRANSFER TATTOOS,200.0,8/11/11 16:12,0.65,14646
563076,21561,DINOSAUR LUNCH BOX WITH CUTLERY,60.0,8/11/11 16:12,2.1,14646
563076,22147,FELTCRAFT BUTTERFLY HEARTS,40.0,8/11/11 16:12,1.25,14646
563076,22568,FELTCRAFT CUSHION OWL,24.0,8/11/11 16:12,3.39,14646
563076,22848,BREAD BIN DINER STYLE PINK,4.0,8/11/11 16:12,14.95,14646
563076,22846,BREAD BIN DINER STYLE RED,4.0,8/11/11 16:12,14.95,14646
563076,22847,BREAD BIN DINER STYLE IVORY,4.0,8/11/11 16:12,14.95,14646
563076,22992,REVOLVER WOODEN RULER,144.0,8/11/11 16:12,1.65,14646
563076,84755,COLOUR GLASS T-LIGHT HOLDER HANGING,144.0,8/11/11 16:12,0.55,14646
563076,21509,COWBOYS AND INDIANS BIRTHDAY CARD,72.0,8/11/11 16:12,0.36,14646
563076,22027,TEA PARTY BIRTHDAY CARD,72.0,8/11/11 16:12,0.36,14646
563076,22029,SPACEBOY BIRTHDAY CARD,72.0,8/11/11 16:12,0.36,14646
563076,22037,ROBOT BIRTHDAY CARD,72.0,8/11/11 16:12,0.36,14646
563076,22712,CARD DOLLY GIRL,144.0,8/11/11 16:12,0.36,14646
563076,22984,CARD GINGHAM ROSE,72.0,8/11/11 16:12,0.36,14646
563165,22355,CHARLOTTE BAG SUKI DESIGN,100.0,8/12/11 12:36,0.72,14646
563165,23345,DOLLY GIRL BEAKER,200.0,8/12/11 12:36,1.08,14646
563165,23346,SPACEBOY BEAKER,200.0,8/12/11 12:36,1.08,14646
563165,23326,HANGING MINI COLOURED BOTTLES,192.0,8/12/11 12:36,0.55,14646
563165,20723,STRAWBERRY CHARLOTTE BAG,100.0,8/12/11 12:36,0.72,14646
563165,22356,CHARLOTTE BAG PINK POLKADOT,100.0,8/12/11 12:36,0.72,14646
563165,22661,CHARLOTTE BAG DOLLY GIRL DESIGN,100.0,8/12/11 12:36,0.72,14646
,,Discount,-1.0,8/18/11 6:13,206.4,14646
564169,22956,36 FOIL HEART CAKE CASES,144.0,8/23/11 13:55,2.1,14646
564169,21787,RAIN PONCHO RETROSPOT,144.0,8/23/11 13:55,0.85,14646
564650,22236,CAKE STAND 3 TIER MAGIC GARDEN,24.0,8/26/11 14:17,10.95,14646
564650,22437,SET OF 9 BLACK SKULL BALLOONS,200.0,8/26/11 14:17,0.72,14646
564650,22895,SET OF 2 TEA TOWELS APPLE AND PEARS,100.0,8/26/11 14:17,2.75,14646
564650,21218,RED SPOTTY BISCUIT TIN,48.0,8/26/11 14:17,3.25,14646
564650,,CHILDRENS CUTLERY POLKADOT PINK,72.0,8/26/11 14:17,3.75,14646
564650,21787,RAIN PONCHO RETROSPOT,144.0,8/26/11 14:17,0.65,14646
564650,21975,PACK OF 60 DINOSAUR CAKE CASES,120.0,8/26/11 14:17,0.42,14646
564650,21976,PACK OF 60 MUSHROOM CAKE CASES,240.0,8/26/11 14:17,0.42,14646
564650,21212,PACK OF 72 RETROSPOT CAKE CASES,120.0,8/26/11 14:17,0.42,14646
564650,20724,RED RETROSPOT CHARLOTTE BAG,200.0,8/26/11 14:17,0.72,14646
564650,22553,PLASTERS IN TIN SKULLS,96.0,8/26/11 14:17,1.45,14646
564650,21561,DINOSAUR LUNCH BOX WITH CUTLERY,60.0,8/26/11 14:17,2.1,14646
564650,21672,WHITE SPOT RED CERAMIC DRAWER KNOB,96.0,8/26/11 14:17,1.06,14646
564650,21671,RED SPOT CERAMIC DRAWER KNOB,96.0,8/26/11 14:17,1.06,14646
564650,22846,BREAD BIN DINER STYLE RED,8.0,8/26/11 14:17,14.95,14646
564650,22847,BREAD BIN DINER STYLE IVORY,8.0,8/26/11 14:17,14.95,14646
564650,22193,RED DINER WALL CLOCK,12.0,8/26/11 14:17,7.65,14646
564650,23316,RED REFECTORY CLOCK,12.0,8/26/11 14:17,8.15,14646
564650,23020,GLASS  SONGBIRD STORAGE JAR,8.0,8/26/11 14:17,11.15,14646
564650,21668,RED STRIPE CERAMIC DRAWER KNOB,96.0,8/26/11 14:17,1.06,14646
564650,,CREAM CUPID HEARTS COAT HANGER,64.0,8/26/11 14:17,3.75,14646
564650,22326,ROUND SNACK BOXES SET OF4 WOODLAND,48.0,8/26/11 14:17,2.55,14646
564650,22328,ROUND SNACK BOXES SET OF 4 FRUITS,48.0,8/26/11 14:17,2.55,14646
564650,22629,SPACEBOY LUNCH BOX,448.0,8/26/11 14:17,1.65,14646
564650,22630,DOLLY GIRL LUNCH BOX,448.0,8/26/11 14:17,1.65,14646
564650,22984,CARD GINGHAM ROSE,72.0,8/26/11 14:17,0.36,14646
564650,23192,BUNDLE OF 3 ALPHABET EXERCISE BOOKS,48.0,8/26/11 14:17,1.45,14646
564650,23240,SET OF 4 KNICK KNACK TINS DOILY,48.0,8/26/11 14:17,3.75,14646
564650,23245,SET OF 3 REGENCY CAKE TINS,48.0,8/26/11 14:17,4.15,14646
564650,23280,FOLDING BUTTERFLY MIRROR HOT PINK,192.0,8/26/11 14:17,0.72,14646
564650,23281,FOLDING BUTTERFLY MIRROR RED,192.0,8/26/11 14:17,0.72,14646
564650,23289,DOLLY GIRL CHILDRENS BOWL,144.0,8/26/11 14:17,1.05,14646
564650,23290,SPACEBOY CHILDRENS BOWL,144.0,8/26/11 14:17,1.05,14646
564650,23307,SET OF 60 PANTRY DESIGN CAKE CASES,120.0,8/26/11 14:17,0.42,14646
564650,35961,FOLKART ZINC HEART CHRISTMAS DEC,288.0,8/26/11 14:17,0.72,14646
564650,23190,BUNDLE OF 3 SCHOOL EXERCISE BOOKS,48.0,8/26/11 14:17,1.45,14646
564650,22029,SPACEBOY BIRTHDAY CARD,72.0,8/26/11 14:17,0.36,14646
564650,22712,CARD DOLLY GIRL,72.0,8/26/11 14:17,0.36,14646
564650,84978,HANGING HEART JAR T-LIGHT HOLDER,36.0,8/26/11 14:17,1.06,14646
564650,23268,SET OF 2 CERAMIC CHRISTMAS REINDEER,192.0,8/26/11 14:17,1.25,14646
564650,23270,SET OF 2 CERAMIC PAINTED HEARTS,96.0,8/26/11 14:17,1.25,14646
564651,23270,SET OF 2 CERAMIC PAINTED HEARTS,96.0,8/26/11 14:19,0.0,14646
564651,23268,SET OF 2 CERAMIC CHRISTMAS REINDEER,192.0,8/26/11 14:19,0.0,14646
564651,22955,36 FOIL STAR CAKE CASES,144.0,8/26/11 14:19,0.0,14646
564651,21786,POLKADOT RAIN HAT,144.0,8/26/11 14:19,0.0,14646
564652,23084,RABBIT NIGHT LIGHT,480.0,8/26/11 14:20,2.08,14646
,,Manual,-480.0,8/31/11 11:31,0.22,14646
,22956,36 FOIL HEART CAKE CASES,-144.0,8/31/11 11:31,1.85,14646
,21787,RAIN PONCHO RETROSPOT,-144.0,8/31/11 11:31,0.65,14646
565967,23243,SET OF TEA COFFEE SUGAR TINS PANTRY,24.0,9/8/11 11:27,4.15,14646
565967,22989,SET 2 PANTRY DESIGN TEA TOWELS,6.0,9/8/11 11:27,3.25,14646
565967,22367,CHILDRENS APRON SPACEBOY DESIGN,50.0,9/8/11 11:27,1.65,14646
565967,21121,SET/10 RED POLKADOT PARTY CANDLES,48.0,9/8/11 11:27,1.25,14646
565967,22898,CHILDRENS APRON APPLES DESIGN,50.0,9/8/11 11:27,1.65,14646
565967,22659,LUNCH BOX I LOVE LONDON,12.0,9/8/11 11:27,1.95,14646
565967,21559,STRAWBERRY LUNCH BOX WITH CUTLERY,6.0,9/8/11 11:27,2.55,14646
565967,22329,ROUND CONTAINER SET OF 5 RETROSPOT,12.0,9/8/11 11:27,1.65,14646
565967,23289,DOLLY GIRL CHILDRENS BOWL,24.0,9/8/11 11:27,1.25,14646
565967,23291,DOLLY GIRL CHILDRENS CUP,24.0,9/8/11 11:27,1.25,14646
565967,23290,SPACEBOY CHILDRENS BOWL,24.0,9/8/11 11:27,1.25,14646
565967,23292,SPACEBOY CHILDRENS CUP,24.0,9/8/11 11:27,1.25,14646
565967,20750,RED RETROSPOT MINI CASES,12.0,9/8/11 11:27,6.35,14646
565967,23108,SET OF 10 LED DOLLY LIGHTS,12.0,9/8/11 11:27,5.39,14646
565967,21430,SET/3 RED GINGHAM ROSE STORAGE BOX,4.0,9/8/11 11:27,3.75,14646
565967,21428,SET3 BOOK BOX GREEN GINGHAM FLOWER,4.0,9/8/11 11:27,4.25,14646
565967,21918,SET 12 KIDS COLOUR  CHALK STICKS,24.0,9/8/11 11:27,0.42,14646
565967,21481,FAWN BLUE HOT WATER BOTTLE,12.0,9/8/11 11:27,3.75,14646
565967,22556,PLASTERS IN TIN CIRCUS PARADE,12.0,9/8/11 11:27,1.65,14646
565967,22652,TRAVEL SEWING KIT,30.0,9/8/11 11:27,1.65,14646
565967,22653,BUTTON BOX,20.0,9/8/11 11:27,1.95,14646
565967,22624,IVORY KITCHEN SCALES,12.0,9/8/11 11:27,7.65,14646
565967,22625,RED KITCHEN SCALES,12.0,9/8/11 11:27,7.65,14646
565967,22626,BLACK KITCHEN SCALES,2.0,9/8/11 11:27,8.5,14646
565967,22956,36 FOIL HEART CAKE CASES,48.0,9/8/11 11:27,1.85,14646
565967,20752,BLUE POLKADOT WASHING UP GLOVES,12.0,9/8/11 11:27,2.1,14646
565967,20754,RETROSPOT RED WASHING UP GLOVES,12.0,9/8/11 11:27,2.1,14646
565967,21240,BLUE POLKADOT CUP,8.0,9/8/11 11:27,0.85,14646
565967,20674,GREEN POLKADOT BOWL,16.0,9/8/11 11:27,1.25,14646
565967,20675,BLUE POLKADOT BOWL,8.0,9/8/11 11:27,1.25,14646
565967,20677,PINK POLKADOT BOWL,24.0,9/8/11 11:27,1.25,14646
565967,21035,SET/2 RED RETROSPOT TEA TOWELS,18.0,9/8/11 11:27,3.25,14646
565967,22895,SET OF 2 TEA TOWELS APPLE AND PEARS,24.0,9/8/11 11:27,3.25,14646
565967,21217,RED RETROSPOT ROUND CAKE TINS,4.0,9/8/11 11:27,9.95,14646
565967,22667,RECIPE BOX RETROSPOT,24.0,9/8/11 11:27,2.55,14646
565967,21094,SET/6 RED SPOTTY PAPER PLATES,36.0,9/8/11 11:27,0.85,14646
565967,21086,SET/6 RED SPOTTY PAPER CUPS,36.0,9/8/11 11:27,0.65,14646
565967,21987,PACK OF 6 SKULL PAPER CUPS,36.0,9/8/11 11:27,0.65,14646
565967,21989,PACK OF 20 SKULL PAPER NAPKINS,24.0,9/8/11 11:27,0.85,14646
565967,23306,SET OF 36 DOILIES PANTRY DESIGN,12.0,9/8/11 11:27,1.45,14646
565967,21212,PACK OF 72 RETROSPOT CAKE CASES,24.0,9/8/11 11:27,0.55,14646
565967,21977,PACK OF 60 PINK PAISLEY CAKE CASES,24.0,9/8/11 11:27,0.55,14646
565967,20713,JUMBO BAG OWLS,10.0,9/8/11 11:27,2.08,14646
565967,22386,JUMBO BAG PINK POLKADOT,20.0,9/8/11 11:27,2.08,14646
565967,20711,JUMBO BAG TOYS,20.0,9/8/11 11:27,2.08,14646
565967,21670,BLUE SPOT CERAMIC DRAWER KNOB,12.0,9/8/11 11:27,1.45,14646
565967,22467,GUMBALL COAT RACK,36.0,9/8/11 11:27,2.1,14646
565967,22244,3 HOOK HANGER MAGIC GARDEN,12.0,9/8/11 11:27,1.95,14646
565967,22028,PENNY FARTHING BIRTHDAY CARD,12.0,9/8/11 11:27,0.42,14646
565967,20727,LUNCH BAG  BLACK SKULL.,20.0,9/8/11 11:27,1.65,14646
565967,23344,JUMBO BAG 50'S CHRISTMAS,20.0,9/8/11 11:27,2.08,14646
565975,23392,SPACEBOY ROCKET LOLLY MAKERS,1.0,9/8/11 11:28,2.08,14646
566173,22078,RIBBON REEL LACE DESIGN,20.0,9/9/11 12:24,2.1,12787
566173,22341,LOVE GARLAND PAINTED ZINC,24.0,9/9/11 12:24,1.65,12787
566173,22567,20 DOLLY PEGS RETROSPOT,24.0,9/9/11 12:24,1.45,12787
566173,22342,HOME GARLAND PAINTED ZINC,24.0,9/9/11 12:24,0.75,12787
566173,22114,HOT WATER BOTTLE TEA AND SYMPATHY,4.0,9/9/11 12:24,4.25,12787
566173,22028,PENNY FARTHING BIRTHDAY CARD,24.0,9/9/11 12:24,0.42,12787
566173,22984,CARD GINGHAM ROSE,24.0,9/9/11 12:24,0.42,12787
566173,,POSTAGE,1.0,9/9/11 12:24,15.0,12787
566557,22644,CERAMIC CHERRY CAKE MONEY BANK,72.0,9/13/11 11:47,1.25,14646
566557,22646,CERAMIC STRAWBERRY CAKE MONEY BANK,72.0,9/13/11 11:47,1.25,14646
566557,22489,PACK OF 12 TRADITIONAL CRAYONS,144.0,9/13/11 11:47,0.36,14646
566557,22991,GIRAFFE WOODEN RULER,144.0,9/13/11 11:47,1.65,14646
566557,23389,SPACEBOY MINI BACKPACK,50.0,9/13/11 11:47,3.75,14646
566557,23392,SPACEBOY ROCKET LOLLY MAKERS,96.0,9/13/11 11:47,1.79,14646
566557,22534,MAGIC DRAWING SLATE SPACEBOY,192.0,9/13/11 11:47,0.36,14646
566557,22562,MONSTERS STENCIL CRAFT,72.0,9/13/11 11:47,1.06,14646
566557,22563,HAPPY STENCIL CRAFT,72.0,9/13/11 11:47,1.06,14646
566557,20970,PINK FLORAL FELTCRAFT SHOULDER BAG,36.0,9/13/11 11:47,3.39,14646
566557,23344,JUMBO BAG 50'S CHRISTMAS,100.0,9/13/11 11:47,1.79,14646
566557,23390,DOLLY GIRL MINI BACKPACK,50.0,9/13/11 11:47,3.75,14646
566557,23077,DOUGHNUT LIP GLOSS,200.0,9/13/11 11:47,1.04,14646
566557,23310,BUBBLEGUM RING ASSORTED,180.0,9/13/11 11:47,0.36,14646
566557,23388,WOODLAND MINI BACKPACK,50.0,9/13/11 11:47,3.75,14646
566557,23559,WOODLAND BUNNIES LOLLY MAKERS,96.0,9/13/11 11:47,1.79,14646
566557,22530,MAGIC DRAWING SLATE DOLLY GIRL,192.0,9/13/11 11:47,0.36,14646
566557,21485,RETROSPOT HEART HOT WATER BOTTLE,48.0,9/13/11 11:47,4.25,14646
566557,22113,GREY HEART HOT WATER BOTTLE,72.0,9/13/11 11:47,3.75,14646
566557,,ENGLISH ROSE HOT WATER BOTTLE,48.0,9/13/11 11:47,3.75,14646
566557,23439,HAND WARMER RED LOVE HEART,96.0,9/13/11 11:47,1.85,14646
566557,22867,HAND WARMER BIRD DESIGN,96.0,9/13/11 11:47,1.85,14646
566557,22865,HAND WARMER OWL DESIGN,96.0,9/13/11 11:47,1.85,14646
566557,23391,I LOVE LONDON MINI BACKPACK,50.0,9/13/11 11:47,3.75,14646
566557,23309,SET OF 60 I LOVE LONDON CAKE CASES,120.0,9/13/11 11:47,0.42,14646
566557,22659,LUNCH BOX I LOVE LONDON,64.0,9/13/11 11:47,1.65,14646
566557,23347,I LOVE LONDON BEAKER,200.0,9/13/11 11:47,1.08,14646
566557,23238,SET OF 4 KNICK KNACK TINS LONDON,48.0,9/13/11 11:47,3.75,14646
566557,21770,OPEN CLOSED METAL SIGN,36.0,9/13/11 11:47,4.25,14646
566557,23157,SET OF 6 NATIVITY MAGNETS,120.0,9/13/11 11:47,1.85,14646
566557,35970,ZINC FOLKART SLEIGH BELLS,72.0,9/13/11 11:47,1.49,14646
566557,22086,PAPER CHAIN KIT 50'S CHRISTMAS,120.0,9/13/11 11:47,2.55,14646
566557,23129,HEART SHAPED HOLLY WREATH,96.0,9/13/11 11:47,3.75,14646
566557,22731,3D CHRISTMAS STAMPS STICKERS,108.0,9/13/11 11:47,1.06,14646
566557,84832,ZINC WILLIE WINKIE  CANDLE STICK,96.0,9/13/11 11:47,0.72,14646
566557,23087,ZINC  HEART T-LIGHT HOLDER,144.0,9/13/11 11:47,1.04,14646
566557,23086,ZINC  STAR T-LIGHT HOLDER,144.0,9/13/11 11:47,1.04,14646
566557,22826,LOVE SEAT ANTIQUE WHITE METAL,1.0,9/13/11 11:47,85.0,14646
566557,22823,CHEST NATURAL WOOD 20 DRAWERS,2.0,9/13/11 11:47,110.0,14646
566557,22813,PACK 3 BOXES BIRD PANNETONE,96.0,9/13/11 11:47,1.65,14646
566557,22585,PACK OF 6 BIRDY GIFT TAGS,144.0,9/13/11 11:47,1.06,14646
566557,22812,PACK 3 BOXES CHRISTMAS PANNETONE,96.0,9/13/11 11:47,1.65,14646
566557,23032,DRAWER KNOB CRACKLE GLAZE IVORY,96.0,9/13/11 11:47,1.45,14646
566557,23028,DRAWER KNOB CRACKLE GLAZE BLUE,96.0,9/13/11 11:47,1.45,14646
566557,23031,DRAWER KNOB CRACKLE GLAZE PINK,96.0,9/13/11 11:47,1.45,14646
566557,23029,DRAWER KNOB CRACKLE GLAZE GREEN,96.0,9/13/11 11:47,1.45,14646
566557,23033,DRAWER KNOB CERAMIC RED,96.0,9/13/11 11:47,1.25,14646
566557,23035,DRAWER KNOB CERAMIC IVORY,96.0,9/13/11 11:47,1.25,14646
566557,23034,DRAWER KNOB CERAMIC BLACK,96.0,9/13/11 11:47,1.25,14646
566557,23064,CINDERELLA CHANDELIER,4.0,9/13/11 11:47,41.75,14646
566557,23057,BEADED CHANDELIER T-LIGHT HOLDER,16.0,9/13/11 11:47,4.95,14646
566557,23418,LAVENDER TOILETTE BOTTLE,48.0,9/13/11 11:47,1.79,14646
566557,23013,GLASS APOTHECARY BOTTLE TONIC,24.0,9/13/11 11:47,3.45,14646
566557,23014,GLASS APOTHECARY BOTTLE ELIXIR,24.0,9/13/11 11:47,3.45,14646
566557,23012,GLASS APOTHECARY BOTTLE PERFUME,24.0,9/13/11 11:47,3.45,14646
566557,22960,JAM MAKING SET WITH JARS,36.0,9/13/11 11:47,3.75,14646
566557,22993,SET OF 4 PANTRY JELLY MOULDS,72.0,9/13/11 11:47,1.06,14646
567280,21509,COWBOYS AND INDIANS BIRTHDAY CARD,72.0,9/19/11 11:46,0.36,14646
567280,21731,RED TOADSTOOL LED NIGHT LIGHT,288.0,9/19/11 11:46,1.45,14646
567280,22029,SPACEBOY BIRTHDAY CARD,144.0,9/19/11 11:46,0.36,14646
567280,23082,SET 6 PAPER TABLE LANTERN HEARTS,96.0,9/19/11 11:46,3.29,14646
567280,23083,SET 6 PAPER TABLE LANTERN STARS,96.0,9/19/11 11:46,3.29,14646
567280,23100,SILVER BELLS TABLE DECORATION,72.0,9/19/11 11:46,1.04,14646
567280,23101,SILVER STARS TABLE DECORATION,72.0,9/19/11 11:46,0.72,14646
567280,23102,SILVER HEARTS TABLE DECORATION,72.0,9/19/11 11:46,0.72,14646
567280,23126,FELTCRAFT GIRL AMELIE KIT,40.0,9/19/11 11:46,4.15,14646
567280,23144,ZINC T-LIGHT HOLDER STARS SMALL,144.0,9/19/11 11:46,0.72,14646
567280,23163,REGENCY SUGAR TONGS,48.0,9/19/11 11:46,2.08,14646
567280,23164,REGENCY CAKE SLICE,36.0,9/19/11 11:46,4.15,14646
567280,23189,SET OF 12 FORK CANDLES,48.0,9/19/11 11:46,2.49,14646
567280,23209,LUNCH BAG VINTAGE DOILY,100.0,9/19/11 11:46,1.45,14646
567280,23289,DOLLY GIRL CHILDRENS BOWL,144.0,9/19/11 11:46,1.05,14646
567280,23290,SPACEBOY CHILDRENS BOWL,144.0,9/19/11 11:46,1.05,14646
567280,84991,60 TEATIME FAIRY CAKE CASES,120.0,9/19/11 11:46,0.42,14646
567280,84992,72 SWEETHEART FAIRY CAKE CASES,120.0,9/19/11 11:46,0.42,14646
567280,,CHILDRENS CUTLERY POLKADOT PINK,72.0,9/19/11 11:46,3.75,14646
567280,,JUMBO BAG RED RETROSPOT,100.0,9/19/11 11:46,1.79,14646
567280,21390,FILIGRIS HEART WITH BUTTERFLY,288.0,9/19/11 11:46,1.06,14646
567280,22294,HEART FILIGREE DOVE  SMALL,288.0,9/19/11 11:46,1.06,14646
567280,22964,3 PIECE SPACEBOY COOKIE CUTTER SET,144.0,9/19/11 11:46,1.85,14646
567280,21559,STRAWBERRY LUNCH BOX WITH CUTLERY,60.0,9/19/11 11:46,2.1,14646
567280,22244,3 HOOK HANGER MAGIC GARDEN,92.0,9/19/11 11:46,1.95,14646
567280,22423,REGENCY CAKESTAND 3 TIER,16.0,9/19/11 11:46,10.95,14646
567280,22662,LUNCH BAG DOLLY GIRL DESIGN,100.0,9/19/11 11:46,1.45,14646
567280,20724,RED RETROSPOT CHARLOTTE BAG,100.0,9/19/11 11:46,0.72,14646
567280,22697,GREEN REGENCY TEACUP AND SAUCER,24.0,9/19/11 11:46,2.55,14646
567280,22848,BREAD BIN DINER STYLE PINK,4.0,9/19/11 11:46,14.95,14646
567280,22847,BREAD BIN DINER STYLE IVORY,8.0,9/19/11 11:46,14.95,14646
567280,22557,PLASTERS IN TIN VINTAGE PAISLEY,96.0,9/19/11 11:46,1.45,14646
567280,22629,SPACEBOY LUNCH BOX,192.0,9/19/11 11:46,1.65,14646
567280,22630,DOLLY GIRL LUNCH BOX,192.0,9/19/11 11:46,1.65,14646
567280,23293,SET OF 12 FAIRY CAKE BAKING CASES,128.0,9/19/11 11:46,0.72,14646
567280,22131,FOOD CONTAINER SET 3 LOVE HEART,72.0,9/19/11 11:46,1.65,14646
567280,22149,FELTCRAFT 6 FLOWER FRIENDS,40.0,9/19/11 11:46,1.85,14646
567280,22326,ROUND SNACK BOXES SET OF4 WOODLAND,96.0,9/19/11 11:46,2.55,14646
567280,22328,ROUND SNACK BOXES SET OF 4 FRUITS,48.0,9/19/11 11:46,2.55,14646
567280,22382,LUNCH BAG SPACEBOY DESIGN,100.0,9/19/11 11:46,1.45,14646
567280,22383,LUNCH BAG SUKI DESIGN,100.0,9/19/11 11:46,1.45,14646
567280,22385,JUMBO BAG SPACEBOY DESIGN,100.0,9/19/11 11:46,1.79,14646
567280,22386,JUMBO BAG PINK POLKADOT,100.0,9/19/11 11:46,1.79,14646
567280,22411,JUMBO SHOPPER VINTAGE RED PAISLEY,100.0,9/19/11 11:46,1.79,14646
567280,22418,10 COLOUR SPACEBOY PEN,144.0,9/19/11 11:46,0.72,14646
567280,22467,GUMBALL COAT RACK,108.0,9/19/11 11:46,2.1,14646
567280,22505,MEMO BOARD COTTAGE DESIGN,48.0,9/19/11 11:46,4.25,14646
567280,22551,PLASTERS IN TIN SPACEBOY,96.0,9/19/11 11:46,1.45,14646
567280,22553,PLASTERS IN TIN SKULLS,96.0,9/19/11 11:46,1.45,14646
567280,22554,PLASTERS IN TIN WOODLAND ANIMALS,96.0,9/19/11 11:46,1.45,14646
567280,22556,PLASTERS IN TIN CIRCUS PARADE,96.0,9/19/11 11:46,1.45,14646
567280,22699,ROSES REGENCY TEACUP AND SAUCER,24.0,9/19/11 11:46,2.55,14646
567280,22712,CARD DOLLY GIRL,144.0,9/19/11 11:46,0.36,14646
567280,22908,PACK OF 20 NAPKINS RED APPLES,96.0,9/19/11 11:46,0.72,14646
567280,22352,LUNCH BOX WITH CUTLERY RETROSPOT,120.0,9/19/11 11:46,2.1,14646
567280,22142,CHRISTMAS CRAFT WHITE FAIRY,40.0,9/19/11 11:46,1.25,14646
567280,20712,JUMBO BAG WOODLAND ANIMALS,100.0,9/19/11 11:46,1.79,14646
567280,20713,JUMBO BAG OWLS,100.0,9/19/11 11:46,1.79,14646
567280,20719,WOODLAND CHARLOTTE BAG,200.0,9/19/11 11:46,0.72,14646
567280,20725,LUNCH BAG RED RETROSPOT,200.0,9/19/11 11:46,1.45,14646
567280,20726,LUNCH BAG WOODLAND,200.0,9/19/11 11:46,1.45,14646
567280,20727,LUNCH BAG  BLACK SKULL.,100.0,9/19/11 11:46,1.45,14646
567280,20728,LUNCH BAG CARS BLUE,100.0,9/19/11 11:46,1.45,14646
567280,20979,36 PENCILS TUBE RED RETROSPOT,128.0,9/19/11 11:46,1.06,14646
567280,21213,PACK OF 72 SKULL CAKE CASES,120.0,9/19/11 11:46,0.42,14646
567280,21558,SKULL LUNCH BOX WITH CUTLERY,60.0,9/19/11 11:46,2.1,14646
567290,23245,SET OF 3 REGENCY CAKE TINS,48.0,9/19/11 11:54,4.15,14646
567290,,CHARLIE & LOLA WASTEPAPER BIN FLORA,48.0,9/19/11 11:54,1.25,14646
567290,22751,FELTCRAFT PRINCESS OLIVIA DOLL,48.0,9/19/11 11:54,3.39,14646
567290,22082,RIBBON REEL STRIPES DESIGN,120.0,9/19/11 11:54,1.45,14646
567290,22631,CIRCUS PARADE LUNCH BOX,64.0,9/19/11 11:54,1.65,14646
567290,22899,CHILDREN'S APRON DOLLY GIRL,100.0,9/19/11 11:54,1.85,14646
567290,22367,CHILDRENS APRON SPACEBOY DESIGN,100.0,9/19/11 11:54,1.65,14646
567290,23345,DOLLY GIRL BEAKER,400.0,9/19/11 11:54,1.08,14646
567290,23346,SPACEBOY BEAKER,400.0,9/19/11 11:54,1.08,14646
567290,23292,SPACEBOY CHILDRENS CUP,96.0,9/19/11 11:54,1.05,14646
567290,23291,DOLLY GIRL CHILDRENS CUP,96.0,9/19/11 11:54,1.05,14646
567290,23240,SET OF 4 KNICK KNACK TINS DOILY,96.0,9/19/11 11:54,3.75,14646
567290,23293,SET OF 12 FAIRY CAKE BAKING CASES,256.0,9/19/11 11:54,0.72,14646
567290,22929,SCHOOL DESK AND CHAIR,4.0,9/19/11 11:54,57.95,14646
567290,22826,LOVE SEAT ANTIQUE WHITE METAL,1.0,9/19/11 11:54,85.0,14646
567290,22544,MINI JIGSAW SPACEBOY,240.0,9/19/11 11:54,0.36,14646
567290,21481,FAWN BLUE HOT WATER BOTTLE,72.0,9/19/11 11:54,3.39,14646
567290,23170,REGENCY TEA PLATE ROSES,48.0,9/19/11 11:54,1.45,14646
567290,22539,MINI JIGSAW DOLLY GIRL,240.0,9/19/11 11:54,0.36,14646
567290,23171,REGENCY TEA PLATE GREEN,48.0,9/19/11 11:54,1.45,14646
567290,22210,WOOD STAMP SET BEST WISHES,96.0,9/19/11 11:54,0.83,14646
567290,23172,REGENCY TEA PLATE PINK,48.0,9/19/11 11:54,1.45,14646
567290,23424,GINGHAM RECIPE BOOK BOX,24.0,9/19/11 11:54,4.15,14646
567290,23328,SET 6 SCHOOL MILK BOTTLES IN CRATE,48.0,9/19/11 11:54,3.39,14646
567290,23419,HOME SWEET HOME BOTTLE,48.0,9/19/11 11:54,1.79,14646
567290,21212,PACK OF 72 RETROSPOT CAKE CASES,240.0,9/19/11 11:54,0.42,14646
567290,21975,PACK OF 60 DINOSAUR CAKE CASES,120.0,9/19/11 11:54,0.42,14646
567290,23295,SET OF 12 MINI LOAF BAKING CASES,128.0,9/19/11 11:54,0.72,14646
567290,23162,REGENCY TEA STRAINER,48.0,9/19/11 11:54,3.29,14646
567290,22667,RECIPE BOX RETROSPOT,24.0,9/19/11 11:54,2.55,14646
567290,21261,GREEN GOOSE FEATHER CHRISTMAS TREE,24.0,9/19/11 11:54,2.95,14646
567290,72586,SET OF 6 HALLOWEEN GHOST T-LIGHTS,72.0,9/19/11 11:54,0.42,14646
567290,21672,WHITE SPOT RED CERAMIC DRAWER KNOB,96.0,9/19/11 11:54,1.25,14646
567290,23080,RED METAL BOX TOP SECRET,16.0,9/19/11 11:54,7.5,14646
567290,23081,GREEN METAL BOX ARMY SUPPLIES,16.0,9/19/11 11:54,7.5,14646
567290,22329,ROUND CONTAINER SET OF 5 RETROSPOT,48.0,9/19/11 11:54,1.45,14646
567290,22749,FELTCRAFT PRINCESS CHARLOTTE DOLL,48.0,9/19/11 11:54,3.39,14646
567290,22750,FELTCRAFT PRINCESS LOLA DOLL,48.0,9/19/11 11:54,3.39,14646
567795,22631,CIRCUS PARADE LUNCH BOX,12.0,9/22/11 11:44,1.95,14646
567795,22629,SPACEBOY LUNCH BOX,12.0,9/22/11 11:44,1.95,14646
567795,22329,ROUND CONTAINER SET OF 5 RETROSPOT,12.0,9/22/11 11:44,1.65,14646
567795,23108,SET OF 10 LED DOLLY LIGHTS,12.0,9/22/11 11:44,5.39,14646
567795,22560,TRADITIONAL MODELLING CLAY,48.0,9/22/11 11:44,1.06,14646
567795,21481,FAWN BLUE HOT WATER BOTTLE,8.0,9/22/11 11:44,3.75,14646
567795,22556,PLASTERS IN TIN CIRCUS PARADE,12.0,9/22/11 11:44,1.65,14646
567795,21240,BLUE POLKADOT CUP,8.0,9/22/11 11:44,0.85,14646
567795,21239,PINK  POLKADOT CUP,24.0,9/22/11 11:44,0.85,14646
567795,21242,RED RETROSPOT PLATE,16.0,9/22/11 11:44,1.69,14646
567795,20674,GREEN POLKADOT BOWL,24.0,9/22/11 11:44,1.25,14646
567795,20675,BLUE POLKADOT BOWL,16.0,9/22/11 11:44,1.25,14646
567795,20677,PINK POLKADOT BOWL,24.0,9/22/11 11:44,1.25,14646
567795,20713,JUMBO BAG OWLS,100.0,9/22/11 11:44,1.79,14646
567795,22386,JUMBO BAG PINK POLKADOT,100.0,9/22/11 11:44,1.79,14646
567795,22378,WALL TIDY RETROSPOT,5.0,9/22/11 11:44,2.1,14646
567795,21935,SUKI  SHOULDER BAG,10.0,9/22/11 11:44,1.65,14646
567795,22029,SPACEBOY BIRTHDAY CARD,72.0,9/22/11 11:44,0.36,14646
567795,21219,SET/4 BADGES BALLOON GIRL,20.0,9/22/11 11:44,1.25,14646
567795,21222,SET/4 BADGES BEETLES,10.0,9/22/11 11:44,1.25,14646
567795,,POSTAGE,6.0,9/22/11 11:44,15.0,14646
569665,22803,IVORY EMBROIDERED QUILT,1.0,10/5/11 13:34,39.95,12789
569665,22802,FAUX FUR CHOCOLATE THROW,1.0,10/5/11 13:34,19.95,12789
569665,,SUNSET COLOUR CHUNKY KNITTED THROW,1.0,10/5/11 13:34,16.95,12789
569665,,POSTAGE,1.0,10/5/11 13:34,15.0,12789
569719,21430,SET/3 RED GINGHAM ROSE STORAGE BOX,24.0,10/6/11 9:10,3.39,14646
569719,22630,DOLLY GIRL LUNCH BOX,64.0,10/6/11 9:10,1.65,14646
569719,22629,SPACEBOY LUNCH BOX,64.0,10/6/11 9:10,1.65,14646
569719,22467,GUMBALL COAT RACK,36.0,10/6/11 9:10,2.1,14646
569719,22960,JAM MAKING SET WITH JARS,48.0,10/6/11 9:10,3.75,14646
569719,22961,JAM MAKING SET PRINTED,96.0,10/6/11 9:10,1.25,14646
569719,,POSTAGE,8.0,10/6/11 9:10,15.0,14646
569720,23391,I LOVE LONDON MINI RUCKSACK,1.0,10/6/11 9:11,4.15,14646
569720,23369,SET 36 COLOUR PENCILS LOVE LONDON,1.0,10/6/11 9:11,1.25,14646
569720,23372,SET 36 COLOUR PENCILS DOLLY GIRL,1.0,10/6/11 9:11,1.25,14646
569720,23371,SET 36 COLOUR PENCILS SPACEBOY,1.0,10/6/11 9:11,1.25,14646
569720,23368,SET 12 COLOUR PENCILS DOLLY GIRL,1.0,10/6/11 9:11,0.65,14646
569720,23370,SET 36 COLOURING PENCILS DOILEY,1.0,10/6/11 9:11,1.25,14646
569720,23367,SET 12 COLOUR PENCILS SPACEBOY,1.0,10/6/11 9:11,0.65,14646
569720,23366,SET 12 COLOURING PENCILS DOILEY,1.0,10/6/11 9:11,0.65,14646
569720,23365,SET 12 COLOUR PENCILS LOVE LONDON,1.0,10/6/11 9:11,0.65,14646
569720,23508,MINI PLAYING CARDS DOLLY GIRL,1.0,10/6/11 9:11,0.42,14646
569720,23506,MINI PLAYING CARDS SPACEBOY,1.0,10/6/11 9:11,0.42,14646
569720,23505,PLAYING CARDS I LOVE LONDON,1.0,10/6/11 9:11,1.25,14646
569720,23502,PLAYING CARDS VINTAGE DOILEY,1.0,10/6/11 9:11,1.25,14646
569720,23389,SPACEBOY MINI RUCKSACK,1.0,10/6/11 9:11,4.15,14646
569720,23388,WOODLAND MINI RUCKSACK,1.0,10/6/11 9:11,4.15,14646
569735,,POSTAGE,2.0,10/6/11 10:34,15.0,14646
570191,23309,SET OF 60 I LOVE LONDON CAKE CASES,24.0,10/7/11 15:23,0.55,12778
570191,21975,PACK OF 60 DINOSAUR CAKE CASES,48.0,10/7/11 15:23,0.55,12778
570191,23307,SET OF 60 PANTRY DESIGN CAKE CASES,24.0,10/7/11 15:23,0.55,12778
570191,,FAIRY CAKES NOTEBOOK A7 SIZE,16.0,10/7/11 15:23,0.42,12778
570191,23123,COCKTAIL SWORDS 50 PIECES,12.0,10/7/11 15:23,0.83,12778
570191,21213,PACK OF 72 SKULL CAKE CASES,24.0,10/7/11 15:23,0.55,12778
570191,21112,SWISS ROLL TOWEL PINK  SPOTS,6.0,10/7/11 15:23,2.95,12778
570191,21108,FAIRY CAKE FLANNEL ASSORTED COLOUR,9.0,10/7/11 15:23,2.55,12778
570191,84992,72 SWEETHEART FAIRY CAKE CASES,24.0,10/7/11 15:23,0.55,12778
570191,,POSTAGE,1.0,10/7/11 15:23,15.0,12778
570191,21640,ASSORTED TUTTI FRUTTI  FOB NOTEBOOK,24.0,10/7/11 15:23,0.85,12778
571697,22898,CHILDRENS APRON APPLES DESIGN,8.0,10/18/11 14:49,1.95,12759
571697,22629,SPACEBOY LUNCH BOX,12.0,10/18/11 14:49,1.95,12759
571697,22045,SPACEBOY GIFT WRAP,25.0,10/18/11 14:49,0.42,12759
571697,23007,SPACEBOY BABY GIFT SET,2.0,10/18/11 14:49,16.95,12759
571697,23290,SPACEBOY CHILDRENS BOWL,8.0,10/18/11 14:49,1.25,12759
571697,23346,SPACEBOY BEAKER,12.0,10/18/11 14:49,1.25,12759
571697,22613,PACK OF 20 SPACEBOY NAPKINS,12.0,10/18/11 14:49,0.85,12759
571697,22382,LUNCH BAG SPACEBOY DESIGN,10.0,10/18/11 14:49,1.65,12759
571697,21988,PACK OF 6 SKULL PAPER PLATES,12.0,10/18/11 14:49,0.85,12759
571697,21989,PACK OF 20 SKULL PAPER NAPKINS,12.0,10/18/11 14:49,0.85,12759
571697,21987,PACK OF 6 SKULL PAPER CUPS,12.0,10/18/11 14:49,0.65,12759
571697,21495,SKULLS AND CROSSBONES WRAP,25.0,10/18/11 14:49,0.42,12759
571697,23293,SET OF 12 FAIRY CAKE BAKING CASES,8.0,10/18/11 14:49,0.83,12759
571697,23294,SET OF 6 SNACK LOAF BAKING CASES,8.0,10/18/11 14:49,0.83,12759
571697,23296,SET OF 6 TEA TIME BAKING CASES,8.0,10/18/11 14:49,1.25,12759
571697,23245,SET OF 3 REGENCY CAKE TINS,4.0,10/18/11 14:49,4.95,12759
571697,22720,SET OF 3 CAKE TINS PANTRY DESIGN,3.0,10/18/11 14:49,4.95,12759
571697,22630,DOLLY GIRL LUNCH BOX,12.0,10/18/11 14:49,1.95,12759
571697,23209,LUNCH BAG VINTAGE DOILY,10.0,10/18/11 14:49,1.65,12759
571697,21358,TOAST ITS - HAPPY BIRTHDAY,12.0,10/18/11 14:49,1.25,12759
571697,23398,HANGING HEART BONHEUR,12.0,10/18/11 14:49,0.85,12759
571697,,BEADED CRYSTAL HEART BLUE ON STICK,12.0,10/18/11 14:49,1.25,12759
571697,23318,BOX OF 6 MINI VINTAGE CRACKERS,6.0,10/18/11 14:49,2.49,12759
571697,,WHITE HANGING HEART T-LIGHT HOLDER,6.0,10/18/11 14:49,2.95,12759
571697,22410,MONEY BOX HOUSEKEEPING DESIGN,12.0,10/18/11 14:49,1.25,12759
571697,23111,PARISIENNE SEWING BOX,1.0,10/18/11 14:49,12.5,12759
571697,23008,DOLLY GIRL BABY GIFT SET,1.0,10/18/11 14:49,16.95,12759
571697,37495,FAIRY CAKE BIRTHDAY CANDLE SET,4.0,10/18/11 14:49,3.75,12759
571697,,POSTAGE,3.0,10/18/11 14:49,15.0,12759
572035,23110,PARISIENNE KEY CABINET,32.0,10/20/11 12:03,4.95,14646
572035,22492,MINI PAINT SET VINTAGE,576.0,10/20/11 12:03,0.55,14646
572035,84347,ROTATING SILVER ANGELS T-LIGHT HLDR,120.0,10/20/11 12:03,2.1,14646
572035,22366,DOORMAT AIRMAIL,20.0,10/20/11 12:03,7.08,14646
572035,22593,CHRISTMAS GINGHAM STAR,144.0,10/20/11 12:03,0.72,14646
572035,22595,GINGHAM HEART DECORATION,144.0,10/20/11 12:03,0.72,14646
572035,21640,ASSORTED TUTTI FRUTTI  FOB NOTEBOOK,96.0,10/20/11 12:03,0.72,14646
572035,23170,REGENCY TEA PLATE ROSES,144.0,10/20/11 12:03,1.45,14646
572035,23173,REGENCY TEAPOT ROSES,24.0,10/20/11 12:03,8.15,14646
572035,22699,ROSES REGENCY TEACUP AND SAUCER,48.0,10/20/11 12:03,2.55,14646
572035,22423,REGENCY CAKESTAND 3 TIER,64.0,10/20/11 12:03,10.95,14646
572035,23310,BUBBLEGUM RING ASSORTED,360.0,10/20/11 12:03,0.36,14646
572035,22900,SET 2 TEA TOWELS I LOVE LONDON,100.0,10/20/11 12:03,2.75,14646
572035,84991,60 TEATIME FAIRY CAKE CASES,360.0,10/20/11 12:03,0.42,14646
572035,23326,HANGING MINI COLOURED BOTTLES,192.0,10/20/11 12:03,0.55,14646
572035,21156,RETROSPOT CHILDRENS APRON,120.0,10/20/11 12:03,1.65,14646
572035,22944,CHRISTMAS METAL POSTCARD WITH BELLS,144.0,10/20/11 12:03,0.39,14646
572035,21673,WHITE SPOT BLUE CERAMIC DRAWER KNOB,96.0,10/20/11 12:03,1.25,14646
572035,21390,FILIGRIS HEART WITH BUTTERFLY,288.0,10/20/11 12:03,1.06,14646
572035,23130,MISTLETOE HEART WREATH GREEN,48.0,10/20/11 12:03,3.75,14646
572035,22328,ROUND SNACK BOXES SET OF 4 FRUITS,96.0,10/20/11 12:03,2.55,14646
572035,22624,IVORY KITCHEN SCALES,36.0,10/20/11 12:03,7.65,14646
572035,22625,RED KITCHEN SCALES,36.0,10/20/11 12:03,7.65,14646
572035,22626,BLACK KITCHEN SCALES,36.0,10/20/11 12:03,7.65,14646
572035,,JUMBO BAG RED RETROSPOT,200.0,10/20/11 12:03,1.79,14646
572035,23077,DOUGHNUT LIP GLOSS,400.0,10/20/11 12:03,1.04,14646
572035,22558,CLOTHES PEGS RETROSPOT PACK 24,96.0,10/20/11 12:03,1.45,14646
572035,21558,SKULL LUNCH BOX WITH CUTLERY,60.0,10/20/11 12:03,2.1,14646
572035,22554,PLASTERS IN TIN WOODLAND ANIMALS,192.0,10/20/11 12:03,1.45,14646
572035,22077,6 RIBBONS RUSTIC CHARM,144.0,10/20/11 12:03,1.65,14646
572035,22326,ROUND SNACK BOXES SET OF4 WOODLAND,192.0,10/20/11 12:03,2.55,14646
572035,21080,SET/20 RED RETROSPOT PAPER NAPKINS,96.0,10/20/11 12:03,0.72,14646
572035,23388,WOODLAND MINI BACKPACK,100.0,10/20/11 12:03,3.75,14646
572035,23390,DOLLY GIRL MINI BACKPACK,100.0,10/20/11 12:03,3.75,14646
572035,23309,SET OF 60 I LOVE LONDON CAKE CASES,120.0,10/20/11 12:03,0.42,14646
572035,22487,WHITE WOOD GARDEN PLANT LADDER,12.0,10/20/11 12:03,8.5,14646
572035,22661,CHARLOTTE BAG DOLLY GIRL DESIGN,300.0,10/20/11 12:03,0.72,14646
572035,23275,SET OF 3 HANGING OWLS OLLIE BEAK,192.0,10/20/11 12:03,1.04,14646
572035,84987,SET OF 36 TEATIME PAPER DOILIES,144.0,10/20/11 12:03,1.25,14646
572035,22568,FELTCRAFT CUSHION OWL,24.0,10/20/11 12:03,3.39,14646
572035,22025,RING OF ROSES BIRTHDAY CARD,144.0,10/20/11 12:03,0.36,14646
572035,22027,TEA PARTY BIRTHDAY CARD,144.0,10/20/11 12:03,0.36,14646
572035,23199,JUMBO BAG APPLES,100.0,10/20/11 12:03,1.79,14646
572035,23205,CHARLOTTE BAG VINTAGE ALPHABET,200.0,10/20/11 12:03,0.72,14646
572035,20728,LUNCH BAG CARS BLUE,100.0,10/20/11 12:03,1.45,14646
572035,23469,CARD HOLDER LOVE BIRD SMALL,72.0,10/20/11 12:03,3.29,14646
572035,23470,CARD HOLDER LOVE BIRD LARGE,36.0,10/20/11 12:03,5.39,14646
572035,23494,VINTAGE DOILY DELUXE SEWING KIT,40.0,10/20/11 12:03,4.95,14646
572035,23500,KEY RING BASEBALL BOOT ASSORTED,100.0,10/20/11 12:03,1.04,14646
572035,22946,WOODEN ADVENT CALENDAR CREAM,12.0,10/20/11 12:03,12.75,14646
572035,22947,WOODEN ADVENT CALENDAR RED,12.0,10/20/11 12:03,7.95,14646
572035,23229,VINTAGE DONKEY TAIL GAME,36.0,10/20/11 12:03,3.39,14646
572035,23509,MINI PLAYING CARDS FUN FAIR,40.0,10/20/11 12:03,0.36,14646
572035,23118,PARISIENNE JEWELLERY DRAWER,16.0,10/20/11 12:03,6.65,14646
572035,23112,PARISIENNE CURIO CABINET,12.0,10/20/11 12:03,6.65,14646
572035,22175,PINK OWL SOFT TOY,48.0,10/20/11 12:03,2.55,14646
572035,22176,BLUE OWL SOFT TOY,24.0,10/20/11 12:03,2.95,14646
572035,21630,FLOOR CUSHION ELEPHANT CARNIVAL,12.0,10/20/11 12:03,7.95,14646
572035,22920,HERB MARKER BASIL,60.0,10/20/11 12:03,0.65,14646
572035,22916,HERB MARKER THYME,60.0,10/20/11 12:03,0.65,14646
572035,22919,HERB MARKER MINT,60.0,10/20/11 12:03,0.65,14646
572035,22917,HERB MARKER ROSEMARY,60.0,10/20/11 12:03,0.65,14646
572035,22918,HERB MARKER PARSLEY,60.0,10/20/11 12:03,0.65,14646
572035,22921,HERB MARKER CHIVES,60.0,10/20/11 12:03,0.65,14646
572035,20712,JUMBO BAG WOODLAND ANIMALS,100.0,10/20/11 12:03,1.79,14646
572035,20719,WOODLAND CHARLOTTE BAG,100.0,10/20/11 12:03,0.72,14646
572035,20725,LUNCH BAG RED RETROSPOT,100.0,10/20/11 12:03,1.45,14646
572035,21481,FAWN BLUE HOT WATER BOTTLE,72.0,10/20/11 12:03,3.39,14646
572035,21509,COWBOYS AND INDIANS BIRTHDAY CARD,72.0,10/20/11 12:03,0.36,14646
572035,21559,STRAWBERRY LUNCH BOX WITH CUTLERY,60.0,10/20/11 12:03,2.1,14646
572035,21731,RED TOADSTOOL LED NIGHT LIGHT,288.0,10/20/11 12:03,1.45,14646
572035,22029,SPACEBOY BIRTHDAY CARD,144.0,10/20/11 12:03,0.36,14646
572035,22131,FOOD CONTAINER SET 3 LOVE HEART,144.0,10/20/11 12:03,1.65,14646
572035,22352,LUNCH BOX WITH CUTLERY RETROSPOT,60.0,10/20/11 12:03,2.1,14646
572035,22418,10 COLOUR SPACEBOY PEN,144.0,10/20/11 12:03,0.72,14646
572035,22551,PLASTERS IN TIN SPACEBOY,96.0,10/20/11 12:03,1.45,14646
572035,22556,PLASTERS IN TIN CIRCUS PARADE,96.0,10/20/11 12:03,1.45,14646
572035,22557,PLASTERS IN TIN VINTAGE PAISLEY,96.0,10/20/11 12:03,1.45,14646
572035,22629,SPACEBOY LUNCH BOX,192.0,10/20/11 12:03,1.65,14646
572035,22630,DOLLY GIRL LUNCH BOX,256.0,10/20/11 12:03,1.65,14646
572035,22631,CIRCUS PARADE LUNCH BOX,64.0,10/20/11 12:03,1.65,14646
572035,22667,RECIPE BOX RETROSPOT,48.0,10/20/11 12:03,2.55,14646
572035,22712,CARD DOLLY GIRL,144.0,10/20/11 12:03,0.36,14646
572035,22847,BREAD BIN DINER STYLE IVORY,12.0,10/20/11 12:03,14.95,14646
572035,22846,BREAD BIN DINER STYLE RED,8.0,10/20/11 12:03,14.95,14646
572035,23078,ICE CREAM PEN LIP GLOSS,240.0,10/20/11 12:03,1.04,14646
572035,23076,ICE CREAM SUNDAE LIP GLOSS,240.0,10/20/11 12:03,1.04,14646
572035,23189,SET OF 12 FORK CANDLES,48.0,10/20/11 12:03,2.49,14646
572035,23209,LUNCH BAG VINTAGE DOILY,100.0,10/20/11 12:03,1.45,14646
572035,23240,SET OF 4 KNICK KNACK TINS DOILY,96.0,10/20/11 12:03,3.75,14646
572035,23245,SET OF 3 REGENCY CAKE TINS,80.0,10/20/11 12:03,4.15,14646
572035,23389,SPACEBOY MINI BACKPACK,100.0,10/20/11 12:03,3.75,14646
572035,23424,GINGHAM RECIPE BOOK BOX,24.0,10/20/11 12:03,4.15,14646
572035,84992,72 SWEETHEART FAIRY CAKE CASES,120.0,10/20/11 12:03,0.42,14646
572035,20971,PINK BLUE FELT CRAFT TRINKET BOX,144.0,10/20/11 12:03,1.06,14646
572035,22158,3 HEARTS HANGING DECORATION RUSTIC,128.0,10/20/11 12:03,2.55,14646
572035,23192,BUNDLE OF 3 ALPHABET EXERCISE BOOKS,48.0,10/20/11 12:03,1.45,14646
572035,20724,RED RETROSPOT CHARLOTTE BAG,200.0,10/20/11 12:03,0.72,14646
572035,22138,BAKING SET 9 PIECE RETROSPOT,24.0,10/20/11 12:03,4.25,14646
572035,22592,CARDHOLDER HOLLY WREATH METAL,48.0,10/20/11 12:03,3.39,14646
572035,84832,ZINC WILLIE WINKIE  CANDLE STICK,96.0,10/20/11 12:03,0.72,14646
572035,22507,MEMO BOARD RETROSPOT  DESIGN,16.0,10/20/11 12:03,4.25,14646
572035,22483,RED GINGHAM TEDDY BEAR,48.0,10/20/11 12:03,2.55,14646
572035,,GARDENIA 3 WICK MORRIS BOXED CANDLE,24.0,10/20/11 12:03,1.25,14646
572035,22819,"BIRTHDAY CARD, RETRO SPOT",144.0,10/20/11 12:03,0.36,14646
572035,23176,ABC TREASURE BOOK BOX,72.0,10/20/11 12:03,1.95,14646
572035,23204,CHARLOTTE BAG APPLES DESIGN,100.0,10/20/11 12:03,0.72,14646
572035,22904,CALENDAR PAPER CUT DESIGN,80.0,10/20/11 12:03,2.55,14646
572035,22905,CALENDAR IN SEASON DESIGN,80.0,10/20/11 12:03,2.55,14646
572035,22759,SET OF 3 NOTEBOOKS IN PARCEL,96.0,10/20/11 12:03,1.45,14646
572035,21788,KIDS RAIN MAC BLUE,144.0,10/20/11 12:03,0.65,14646
572035,22859,EASTER TIN BUNNY BOUQUET,108.0,10/20/11 12:03,1.45,14646
572035,22637,PIGGY BANK RETROSPOT,48.0,10/20/11 12:03,2.1,14646
572035,22636,CHILDS BREAKFAST SET CIRCUS PARADE,8.0,10/20/11 12:03,7.65,14646
572035,22714,CARD BIRTHDAY COWBOY,72.0,10/20/11 12:03,0.36,14646
572035,22716,CARD CIRCUS PARADE,72.0,10/20/11 12:03,0.36,14646
572035,23345,DOLLY GIRL BEAKER,400.0,10/20/11 12:03,1.08,14646
572035,23157,SET OF 6 NATIVITY MAGNETS,120.0,10/20/11 12:03,1.85,14646
572035,22489,PACK OF 12 TRADITIONAL CRAYONS,144.0,10/20/11 12:03,0.36,14646
572035,23198,PANTRY MAGNETIC  SHOPPING LIST,48.0,10/20/11 12:03,1.25,14646
572035,,CHILDRENS CUTLERY POLKADOT PINK,72.0,10/20/11 12:03,3.75,14646
572035,22402,MAGNETS PACK OF 4 VINTAGE COLLAGE,144.0,10/20/11 12:03,0.39,14646
572035,22144,CHRISTMAS CRAFT LITTLE FRIENDS,40.0,10/20/11 12:03,1.85,14646
572035,22142,CHRISTMAS CRAFT WHITE FAIRY,40.0,10/20/11 12:03,1.25,14646
572035,84978,HANGING HEART JAR T-LIGHT HOLDER,36.0,10/20/11 12:03,1.06,14646
572051,23506,MINI PLAYING CARDS SPACEBOY,400.0,10/20/11 12:24,0.36,14646
572051,23508,MINI PLAYING CARDS DOLLY GIRL,400.0,10/20/11 12:24,0.36,14646
572051,23371,SET 36 COLOUR PENCILS SPACEBOY,128.0,10/20/11 12:24,1.06,14646
572051,23480,MINI LIGHTS WOODLAND MUSHROOMS,144.0,10/20/11 12:24,3.29,14646
572051,23372,SET 36 COLOUR PENCILS DOLLY GIRL,128.0,10/20/11 12:24,1.06,14646
572051,23478,WOODLAND LARGE PINK FELT HEART,192.0,10/20/11 12:24,1.04,14646
572051,23473,WOODLAND SMALL RED FELT HEART,192.0,10/20/11 12:24,0.72,14646
572051,23369,SET 36 COLOUR PENCILS LOVE LONDON,128.0,10/20/11 12:24,1.06,14646
572051,23382,BOX OF 6 CHRISTMAS CAKE DECORATIONS,36.0,10/20/11 12:24,3.29,14646
572051,23517,EMBROIDERED RIBBON REEL REBECCA,96.0,10/20/11 12:24,2.49,14646
572051,23516,EMBROIDERED RIBBON REEL SOPHIE,72.0,10/20/11 12:24,3.29,14646
572051,23513,EMBROIDERED RIBBON REEL SUSIE,144.0,10/20/11 12:24,1.79,14646
572051,23514,EMBROIDERED RIBBON REEL SALLY,144.0,10/20/11 12:24,1.79,14646
572051,23515,EMBROIDERED RIBBON REEL DAISY,144.0,10/20/11 12:24,1.79,14646
572051,23511,EMBROIDERED RIBBON REEL EMILY,144.0,10/20/11 12:24,1.79,14646
572051,23518,EMBROIDERED RIBBON REEL RACHEL,96.0,10/20/11 12:24,2.49,14646
572051,23520,EMBROIDERED RIBBON REEL RUBY,72.0,10/20/11 12:24,3.29,14646
572051,23519,EMBROIDERED RIBBON REEL CLAIRE,72.0,10/20/11 12:24,3.29,14646
572051,23512,EMBROIDERED RIBBON REEL ROSIE,144.0,10/20/11 12:24,1.79,14646
572051,23482,PEARLISED IVORY HEART LARGE,144.0,10/20/11 12:24,1.45,14646
572052,22595,GINGHAM HEART DECORATION,1728.0,10/20/11 12:26,0.72,14646
572123,21561,DINOSAUR LUNCH BOX WITH CUTLERY,60.0,10/21/11 8:40,2.1,14646
572123,22331,WOODLAND PARTY BAG + STICKER SET,48.0,10/21/11 8:40,1.45,14646
572123,22659,LUNCH BOX I LOVE LONDON,64.0,10/21/11 8:40,1.65,14646
572123,,JUMBO BAG RED RETROSPOT,100.0,10/21/11 8:40,1.79,14646
572123,22966,GINGERBREAD MAN COOKIE CUTTER,144.0,10/21/11 8:40,1.06,14646
572123,23156,SET OF 5 MINI GROCERY MAGNETS,120.0,10/21/11 8:40,1.85,14646
572123,23158,SET OF 5 LUCKY CAT MAGNETS,120.0,10/21/11 8:40,1.85,14646
572123,22650,CERAMIC PIRATE CHEST MONEY BANK,36.0,10/21/11 8:40,1.25,14646
572123,21136,PAINTED METAL PEARS ASSORTED,176.0,10/21/11 8:40,1.45,14646
572123,22944,CHRISTMAS METAL POSTCARD WITH BELLS,144.0,10/21/11 8:40,0.39,14646
572123,84832,ZINC WILLIE WINKIE  CANDLE STICK,192.0,10/21/11 8:40,0.72,14646
572123,22133,PINK LOVE HEART SHAPE CUP,96.0,10/21/11 8:40,0.72,14646
572123,84378,SET OF 3 HEART COOKIE CUTTERS,144.0,10/21/11 8:40,1.25,14646
572123,84380,SET OF 3 BUTTERFLY COOKIE CUTTERS,144.0,10/21/11 8:40,1.25,14646
572123,22132,RED LOVE HEART SHAPE CUP,96.0,10/21/11 8:40,0.72,14646
572123,22326,ROUND SNACK BOXES SET OF4 WOODLAND,96.0,10/21/11 8:40,2.55,14646
572233,21121,SET/10 RED POLKADOT PARTY CANDLES,288.0,10/21/11 14:41,1.06,14646
572233,21086,SET/6 RED SPOTTY PAPER CUPS,24.0,10/21/11 14:41,0.65,14646
572233,21242,RED RETROSPOT PLATE,96.0,10/21/11 14:41,1.45,14646
572233,23294,SET OF 6 SNACK LOAF BAKING CASES,48.0,10/21/11 14:41,0.83,14646
572233,21559,STRAWBERRY LUNCH BOX WITH CUTLERY,60.0,10/21/11 14:41,2.1,14646
572233,22567,20 DOLLY PEGS RETROSPOT,96.0,10/21/11 14:41,1.25,14646
572233,21429,RED GINGHAM ROSE JEWELLERY BOX,48.0,10/21/11 14:41,1.65,14646
572233,,POSTAGE,7.0,10/21/11 14:41,15.0,14646
572236,23512,EMBROIDERED RIBBON REEL ROSIE,3.0,10/21/11 14:42,2.08,14646
572236,23517,EMBROIDERED RIBBON REEL REBECCA,3.0,10/21/11 14:42,2.89,14646
572236,23514,EMBROIDERED RIBBON REEL SALLY,3.0,10/21/11 14:42,2.08,14646
572236,23511,EMBROIDERED RIBBON REEL EMILY,3.0,10/21/11 14:42,2.08,14646
572236,23519,EMBROIDERED RIBBON REEL CLAIRE,3.0,10/21/11 14:42,3.75,14646
572236,23516,EMBROIDERED RIBBON REEL SOPHIE,3.0,10/21/11 14:42,3.75,14646
572236,23513,EMBROIDERED RIBBON REEL SUSIE,3.0,10/21/11 14:42,2.08,14646
572236,23518,EMBROIDERED RIBBON REEL RACHEL,3.0,10/21/11 14:42,2.89,14646
572236,23493,VINTAGE DOILY TRAVEL SEWING KIT,1.0,10/21/11 14:42,1.95,14646
572236,23494,VINTAGE DOILY DELUXE SEWING KIT,1.0,10/21/11 14:42,5.95,14646
572236,23374,RED SPOT PAPER GIFT BAG,1.0,10/21/11 14:42,0.82,14646
572236,23528,WALL ART SPACEBOY,1.0,10/21/11 14:42,3.75,14646
572236,23529,WALL ART DOLLY GIRL,1.0,10/21/11 14:42,3.75,14646
573002,22467,GUMBALL COAT RACK,288.0,10/27/11 12:09,2.1,14646
573002,,ENVELOPE 50 BLOSSOM IMAGES,17.0,10/27/11 12:09,0.42,14646
573002,85178,VICTORIAN SEWING KIT,144.0,10/27/11 12:09,0.85,14646
573002,22940,FELTCRAFT CHRISTMAS FAIRY,48.0,10/27/11 12:09,3.75,14646
573002,22144,CHRISTMAS CRAFT LITTLE FRIENDS,40.0,10/27/11 12:09,1.85,14646
573002,23480,MINI LIGHTS WOODLAND MUSHROOMS,144.0,10/27/11 12:09,3.29,14646
573002,22196,SMALL HEART MEASURING SPOONS,160.0,10/27/11 12:09,0.72,14646
573002,22667,RECIPE BOX RETROSPOT,48.0,10/27/11 12:09,2.55,14646
573002,22543,MINI JIGSAW BAKE A CAKE,240.0,10/27/11 12:09,0.36,14646
573002,22545,MINI JIGSAW BUNNIES,240.0,10/27/11 12:09,0.36,14646
573002,20712,JUMBO BAG WOODLAND ANIMALS,100.0,10/27/11 12:09,1.79,14646
573002,20719,WOODLAND CHARLOTTE BAG,100.0,10/27/11 12:09,0.72,14646
573002,20728,LUNCH BAG CARS BLUE,100.0,10/27/11 12:09,1.45,14646
573002,21559,STRAWBERRY LUNCH BOX WITH CUTLERY,60.0,10/27/11 12:09,2.1,14646
573002,21561,DINOSAUR LUNCH BOX WITH CUTLERY,60.0,10/27/11 12:09,2.1,14646
573002,23346,SPACEBOY BEAKER,400.0,10/27/11 12:09,1.08,14646
573002,23344,JUMBO BAG 50'S CHRISTMAS,200.0,10/27/11 12:09,1.79,14646
573002,22352,LUNCH BOX WITH CUTLERY RETROSPOT,60.0,10/27/11 12:09,2.1,14646
573002,22629,SPACEBOY LUNCH BOX,128.0,10/27/11 12:09,1.65,14646
573002,22630,DOLLY GIRL LUNCH BOX,128.0,10/27/11 12:09,1.65,14646
573002,35970,ZINC FOLKART SLEIGH BELLS,72.0,10/27/11 12:09,1.49,14646
573002,22142,CHRISTMAS CRAFT WHITE FAIRY,160.0,10/27/11 12:09,1.25,14646
573002,23382,BOX OF 6 CHRISTMAS CAKE DECORATIONS,36.0,10/27/11 12:09,3.29,14646
573002,22558,CLOTHES PEGS RETROSPOT PACK 24,48.0,10/27/11 12:09,1.45,14646
573002,23240,SET OF 4 KNICK KNACK TINS DOILY,48.0,10/27/11 12:09,3.75,14646
573003,23084,RABBIT NIGHT LIGHT,2400.0,10/27/11 12:11,2.08,14646
573004,23583,LUNCH BAG PAISLEY PARK,200.0,10/27/11 12:12,1.45,14646
573004,23581,JUMBO BAG PAISLEY PARK,100.0,10/27/11 12:12,1.79,14646
574056,22385,JUMBO BAG SPACEBOY DESIGN,100.0,11/2/11 14:09,1.79,14646
574056,,JUMBO BAG RED RETROSPOT,200.0,11/2/11 14:09,1.79,14646
574056,20718,RED RETROSPOT SHOPPER BAG,100.0,11/2/11 14:09,1.06,14646
574056,21668,RED STRIPE CERAMIC DRAWER KNOB,96.0,11/2/11 14:09,1.25,14646
574056,21669,BLUE STRIPE CERAMIC DRAWER KNOB,96.0,11/2/11 14:09,1.25,14646
574056,21670,BLUE SPOT CERAMIC DRAWER KNOB,192.0,11/2/11 14:09,1.25,14646
574056,22467,GUMBALL COAT RACK,72.0,11/2/11 14:09,2.1,14646
574056,21507,ELEPHANT BIRTHDAY CARD,72.0,11/2/11 14:09,0.36,14646
574056,22029,SPACEBOY BIRTHDAY CARD,72.0,11/2/11 14:09,0.36,14646
574056,22952,60 CAKE CASES VINTAGE CHRISTMAS,24.0,11/2/11 14:09,0.55,14646
574056,22666,RECIPE BOX PANTRY YELLOW DESIGN,24.0,11/2/11 14:09,2.55,14646
574056,,CHILDRENS CUTLERY POLKADOT BLUE,72.0,11/2/11 14:09,3.75,14646
574056,22326,ROUND SNACK BOXES SET OF4 WOODLAND,96.0,11/2/11 14:09,2.55,14646
574056,22328,ROUND SNACK BOXES SET OF 4 FRUITS,48.0,11/2/11 14:09,2.55,14646
574056,22631,CIRCUS PARADE LUNCH BOX,64.0,11/2/11 14:09,1.65,14646
574056,22629,SPACEBOY LUNCH BOX,64.0,11/2/11 14:09,1.65,14646
574056,23256,CHILDRENS CUTLERY SPACEBOY,72.0,11/2/11 14:09,3.75,14646
574056,20750,RED RETROSPOT MINI CASES,12.0,11/2/11 14:09,6.35,14646
574056,21428,SET3 BOOK BOX GREEN GINGHAM FLOWER,16.0,11/2/11 14:09,3.75,14646
574056,21249,WOODLAND  HEIGHT CHART STICKERS,30.0,11/2/11 14:09,2.55,14646
574056,22554,PLASTERS IN TIN WOODLAND ANIMALS,96.0,11/2/11 14:09,1.45,14646
574056,22551,PLASTERS IN TIN SPACEBOY,96.0,11/2/11 14:09,1.45,14646
574056,21238,RED RETROSPOT CUP,96.0,11/2/11 14:09,0.72,14646
574056,22667,RECIPE BOX RETROSPOT,24.0,11/2/11 14:09,2.55,14646
574056,21212,PACK OF 72 RETROSPOT CAKE CASES,120.0,11/2/11 14:09,0.42,14646
574056,22382,LUNCH BAG SPACEBOY DESIGN,100.0,11/2/11 14:09,1.45,14646
574056,20725,LUNCH BAG RED RETROSPOT,100.0,11/2/11 14:09,1.45,14646
574056,20726,LUNCH BAG WOODLAND,100.0,11/2/11 14:09,1.45,14646
574056,22384,LUNCH BAG PINK POLKADOT,100.0,11/2/11 14:09,1.45,14646
574056,20712,JUMBO BAG WOODLAND ANIMALS,100.0,11/2/11 14:09,1.79,14646
574058,23084,RABBIT NIGHT LIGHT,216.0,11/2/11 14:10,2.08,14646
574059,23115,RED APPLES CHOPPING BOARD,1.0,11/2/11 14:13,4.95,14646
574059,23113,PANTRY CHOPPING BOARD,1.0,11/2/11 14:13,4.95,14646
574059,23499,SET 12 VINTAGE DOILY CHALK,24.0,11/2/11 14:13,0.42,14646
574059,23497,CLASSIC CHROME BICYCLE BELL,1.0,11/2/11 14:13,1.45,14646
574059,23480,MINI LIGHTS WOODLAND MUSHROOMS,1.0,11/2/11 14:13,3.75,14646
574059,23476,WOODLAND LARGE RED FELT HEART,1.0,11/2/11 14:13,1.25,14646
574059,23478,WOODLAND LARGE PINK FELT HEART,1.0,11/2/11 14:13,1.25,14646
574059,23477,WOODLAND LARGE BLUE FELT HEART,1.0,11/2/11 14:13,1.25,14646
574059,23473,WOODLAND SMALL RED FELT HEART,1.0,11/2/11 14:13,0.83,14646
574059,23475,WOODLAND SMALL PINK FELT HEART,1.0,11/2/11 14:13,0.83,14646
574059,23474,WOODLAND SMALL BLUE FELT HEART,1.0,11/2/11 14:13,0.83,14646
574059,23390,DOLLY GIRL MINI BACKPACK,1.0,11/2/11 14:13,4.15,14646
574059,23241,TREASURE TIN GYMKHANA DESIGN,1.0,11/2/11 14:13,2.08,14646
574059,23510,MINI PLAYING CARDS GYMKHANA,1.0,11/2/11 14:13,0.42,14646
574059,23507,MINI PLAYING CARDS BUFFALO BILL,1.0,11/2/11 14:13,0.42,14646
574059,20979,36 PENCILS TUBE RED RETROSPOT,1.0,11/2/11 14:13,1.25,14646
574059,20981,12 PENCILS TALL TUBE WOODLAND,1.0,11/2/11 14:13,0.85,14646
574059,20983,12 PENCILS TALL TUBE RED RETROSPOT,1.0,11/2/11 14:13,0.85,14646
574059,20931,BLUE POT PLANT CANDLE,1.0,11/2/11 14:13,2.95,14646
574059,20975,12 PENCILS SMALL TUBE RED RETROSPOT,1.0,11/2/11 14:13,0.65,14646
574059,23582,VINTAGE DOILY JUMBO BAG RED,1.0,11/2/11 14:13,2.08,14646
574059,22614,PACK OF 12 SPACEBOY TISSUES,1.0,11/2/11 14:13,0.39,14646
574059,21981,PACK OF 12 WOODLAND TISSUES,1.0,11/2/11 14:13,0.39,14646
574059,23380,PACK OF 12 VINTAGE DOILY TISSUES,1.0,11/2/11 14:13,0.39,14646
574059,23551,PACK OF 12 PAISLEY PARK TISSUES,1.0,11/2/11 14:13,0.39,14646
574059,23583,LUNCH BAG PAISLEY PARK,1.0,11/2/11 14:13,1.65,14646
574059,23581,JUMBO BAG PAISLEY PARK,1.0,11/2/11 14:13,2.08,14646
574059,23515,EMBROIDERED RIBBON REEL DAISY,1.0,11/2/11 14:13,2.08,14646
574059,23494,VINTAGE DOILY DELUXE SEWING KIT,1.0,11/2/11 14:13,5.95,14646
574059,23493,VINTAGE DOILY TRAVEL SEWING KIT,1.0,11/2/11 14:13,1.95,14646
574059,23198,PANTRY MAGNETIC  SHOPPING LIST,1.0,11/2/11 14:13,1.45,14646
574059,23559,WOODLAND BUNNIES LOLLY MAKERS,1.0,11/2/11 14:13,2.08,14646
574059,22730,ALARM CLOCK BAKELIKE IVORY,1.0,11/2/11 14:13,3.75,14646
574059,22726,ALARM CLOCK BAKELIKE GREEN,1.0,11/2/11 14:13,3.75,14646
574059,22725,ALARM CLOCK BAKELIKE CHOCOLATE,1.0,11/2/11 14:13,3.75,14646
574059,22728,ALARM CLOCK BAKELIKE PINK,1.0,11/2/11 14:13,3.75,14646
574059,22727,ALARM CLOCK BAKELIKE RED,1.0,11/2/11 14:13,3.75,14646
574059,23416,CHAMBRE HOOK,1.0,11/2/11 14:13,1.65,14646
574059,23415,HOME SWEET HOME HOOK,1.0,11/2/11 14:13,1.65,14646
575508,22094,RED RETROSPOT TISSUE BOX,144.0,11/10/11 10:32,0.39,14646
575508,22100,SKULLS SQUARE TISSUE BOX,144.0,11/10/11 10:32,0.39,14646
575508,22398,MAGNETS PACK OF 4 SWALLOWS,72.0,11/10/11 10:32,0.39,14646
575508,22400,MAGNETS PACK OF 4 HOME SWEET HOME,72.0,11/10/11 10:32,0.39,14646
575508,22402,MAGNETS PACK OF 4 VINTAGE COLLAGE,72.0,11/10/11 10:32,0.39,14646
575508,22505,MEMO BOARD COTTAGE DESIGN,48.0,11/10/11 10:32,4.25,14646
575508,22027,TEA PARTY BIRTHDAY CARD,144.0,11/10/11 10:32,0.36,14646
575508,23081,GREEN METAL BOX ARMY SUPPLIES,16.0,11/10/11 10:32,7.5,14646
575508,22898,CHILDRENS APRON APPLES DESIGN,100.0,11/10/11 10:32,1.65,14646
575508,22175,PINK OWL SOFT TOY,144.0,11/10/11 10:32,2.55,14646
575508,21481,FAWN BLUE HOT WATER BOTTLE,72.0,11/10/11 10:32,3.39,14646
575508,23083,SET 6 PAPER TABLE LANTERN STARS,96.0,11/10/11 10:32,3.29,14646
575508,22492,MINI PAINT SET VINTAGE,576.0,11/10/11 10:32,0.55,14646
575508,22946,WOODEN ADVENT CALENDAR CREAM,12.0,11/10/11 10:32,12.75,14646
575508,22078,RIBBON REEL LACE DESIGN,120.0,11/10/11 10:32,1.85,14646
575508,22544,MINI JIGSAW SPACEBOY,240.0,11/10/11 10:32,0.36,14646
575508,22555,PLASTERS IN TIN STRONGMAN,96.0,11/10/11 10:32,1.45,14646
575508,22631,CIRCUS PARADE LUNCH BOX,64.0,11/10/11 10:32,1.65,14646
575508,22951,60 CAKE CASES DOLLY GIRL DESIGN,240.0,11/10/11 10:32,0.42,14646
575508,23254,CHILDRENS CUTLERY DOLLY GIRL,144.0,11/10/11 10:32,3.75,14646
575508,23256,CHILDRENS CUTLERY SPACEBOY,72.0,11/10/11 10:32,3.75,14646
575508,84987,SET OF 36 TEATIME PAPER DOILIES,144.0,11/10/11 10:32,1.25,14646
575508,22128,PARTY CONES CANDY ASSORTED,120.0,11/10/11 10:32,1.06,14646
575508,22129,PARTY CONES CANDY DECORATION,240.0,11/10/11 10:32,0.72,14646
575508,22090,PAPER BUNTING RETROSPOT,40.0,11/10/11 10:32,2.55,14646
575508,21988,PACK OF 6 SKULL PAPER PLATES,192.0,11/10/11 10:32,0.64,14646
575508,21987,PACK OF 6 SKULL PAPER CUPS,216.0,11/10/11 10:32,0.53,14646
575508,23229,VINTAGE DONKEY TAIL GAME,72.0,11/10/11 10:32,3.39,14646
575508,21508,VINTAGE KID DOLLY CARD,72.0,11/10/11 10:32,0.36,14646
575508,21563,RED HEART SHAPE LOVE BUCKET,60.0,11/10/11 10:32,2.55,14646
575508,21810,CHRISTMAS HANGING STAR WITH BELL,384.0,11/10/11 10:32,0.39,14646
575508,22219,LOVEBIRD HANGING DECORATION WHITE,288.0,11/10/11 10:32,0.72,14646
575508,22178,VICTORIAN GLASS HANGING T-LIGHT,96.0,11/10/11 10:32,1.65,14646
575508,22962,JAM JAR WITH PINK LID,48.0,11/10/11 10:32,0.72,14646
575508,22866,HAND WARMER SCOTTY DOG DESIGN,96.0,11/10/11 10:32,1.85,14646
575508,23204,CHARLOTTE BAG APPLES DESIGN,200.0,11/10/11 10:32,0.72,14646
575508,22759,SET OF 3 NOTEBOOKS IN PARCEL,96.0,11/10/11 10:32,1.45,14646
575508,22539,MINI JIGSAW DOLLY GIRL,240.0,11/10/11 10:32,0.36,14646
575508,22546,MINI JIGSAW PURDEY,240.0,11/10/11 10:32,0.36,14646
575508,,ENGLISH ROSE HOT WATER BOTTLE,24.0,11/10/11 10:32,3.75,14646
575508,23583,LUNCH BAG PAISLEY PARK,100.0,11/10/11 10:32,1.45,14646
575508,23581,JUMBO BAG PAISLEY PARK,100.0,11/10/11 10:32,1.79,14646
575508,22356,CHARLOTTE BAG PINK POLKADOT,200.0,11/10/11 10:32,0.72,14646
575508,23206,LUNCH BAG APPLE DESIGN,100.0,11/10/11 10:32,1.45,14646
575508,23255,CHILDRENS CUTLERY CIRCUS PARADE,72.0,11/10/11 10:32,3.75,14646
575508,22355,CHARLOTTE BAG SUKI DESIGN,100.0,11/10/11 10:32,0.72,14646
575508,23076,ICE CREAM SUNDAE LIP GLOSS,240.0,11/10/11 10:32,1.04,14646
575508,22698,PINK REGENCY TEACUP AND SAUCER,24.0,11/10/11 10:32,2.55,14646
575508,22367,CHILDRENS APRON SPACEBOY DESIGN,50.0,11/10/11 10:32,1.65,14646
575508,21485,RETROSPOT HEART HOT WATER BOTTLE,48.0,11/10/11 10:32,4.25,14646
575508,22113,GREY HEART HOT WATER BOTTLE,36.0,11/10/11 10:32,3.75,14646
575508,23391,I LOVE LONDON MINI BACKPACK,50.0,11/10/11 10:32,3.75,14646
575508,20970,PINK FLORAL FELTCRAFT SHOULDER BAG,36.0,11/10/11 10:32,3.39,14646
575510,22236,CAKE STAND 3 TIER MAGIC GARDEN,24.0,11/10/11 10:33,10.95,14646
575510,21977,PACK OF 60 PINK PAISLEY CAKE CASES,120.0,11/10/11 10:33,0.42,14646
575510,22472,TV DINNER TRAY DOLLY GIRL,16.0,11/10/11 10:33,4.25,14646
575510,21843,RED RETROSPOT CAKE STAND,24.0,11/10/11 10:33,9.95,14646
575510,22492,MINI PAINT SET VINTAGE,576.0,11/10/11 10:33,0.55,14646
575510,22474,SPACEBOY TV DINNER TRAY,16.0,11/10/11 10:33,4.25,14646
575510,21791,VINTAGE HEADS AND TAILS CARD GAME,72.0,11/10/11 10:33,1.06,14646
575510,22549,PICTURE DOMINOES,72.0,11/10/11 10:33,1.25,14646
575510,22622,BOX OF VINTAGE ALPHABET BLOCKS,24.0,11/10/11 10:33,9.95,14646
575510,22973,CHILDREN'S CIRCUS PARADE MUG,96.0,11/10/11 10:33,1.45,14646
575709,23245,SET OF 3 REGENCY CAKE TINS,32.0,11/10/11 17:27,4.15,14646
575709,,POSTAGE,2.0,11/10/11 17:27,15.0,14646
576664,23493,VINTAGE DOILY TRAVEL SEWING KIT,50.0,11/16/11 11:41,1.95,14646
576664,21671,RED SPOT CERAMIC DRAWER KNOB,96.0,11/16/11 11:41,1.25,14646
576664,,POSTAGE,1.0,11/16/11 11:41,15.0,14646
577326,22507,MEMO BOARD RETROSPOT  DESIGN,32.0,11/18/11 14:08,4.25,14646
577326,,POSTAGE,2.0,11/18/11 14:08,15.0,14646
577474,20723,STRAWBERRY CHARLOTTE BAG,10.0,11/20/11 11:30,0.85,12778
577474,20719,WOODLAND CHARLOTTE BAG,10.0,11/20/11 11:30,0.85,12778
577474,21108,FAIRY CAKE FLANNEL ASSORTED COLOUR,36.0,11/20/11 11:30,0.79,12778
577474,22065,CHRISTMAS PUDDING TRINKET POT,48.0,11/20/11 11:30,0.39,12778
577474,22420,LIPSTICK PEN BABY PINK,12.0,11/20/11 11:30,0.42,12778
577474,90057,DIAMANTE RING ASSORTED IN BOX.,24.0,11/20/11 11:30,1.25,12778
577474,22421,LIPSTICK PEN FUSCHIA,12.0,11/20/11 11:30,0.42,12778
577474,,POSTAGE,3.0,11/20/11 11:30,18.0,12778
,,POSTAGE,-1.0,11/20/11 11:39,18.0,12778
578034,23290,SPACEBOY CHILDRENS BOWL,144.0,11/22/11 13:47,1.05,14646
578034,23292,SPACEBOY CHILDRENS CUP,96.0,11/22/11 13:47,1.05,14646
578034,21481,FAWN BLUE HOT WATER BOTTLE,36.0,11/22/11 13:47,3.39,14646
578034,22556,PLASTERS IN TIN CIRCUS PARADE,96.0,11/22/11 13:47,1.45,14646
578034,,POSTAGE,5.0,11/22/11 13:47,15.0,14646
578082,22776,SWEETHEART 3 TIER CAKE STAND,2.0,11/22/11 16:33,9.95,12775
578082,23487,SWEET HEART CAKE CARRIER,2.0,11/22/11 16:33,9.95,12775
578082,22831,WHITE BROCANTE SOAP DISH,6.0,11/22/11 16:33,2.95,12775
578082,23150,IVORY SWEETHEART SOAP DISH,6.0,11/22/11 16:33,2.49,12775
578082,23434,3 RAFFIA RIBBONS 50'S CHRISTMAS,10.0,11/22/11 16:33,0.79,12775
578082,23435,3 RAFFIA RIBBONS VINTAGE CHRISTMAS,10.0,11/22/11 16:33,0.79,12775
578082,22340,NOEL GARLAND PAINTED ZINC,24.0,11/22/11 16:33,0.39,12775
578082,35970,ZINC FOLKART SLEIGH BELLS,12.0,11/22/11 16:33,1.69,12775
578082,22158,3 HEARTS HANGING DECORATION RUSTIC,16.0,11/22/11 16:33,2.95,12775
578082,23225,CHERUB HEART DECORATION SILVER,12.0,11/22/11 16:33,0.83,12775
578082,23221,REINDEER HEART DECORATION SILVER,12.0,11/22/11 16:33,0.83,12775
578082,23144,ZINC T-LIGHT HOLDER STARS SMALL,12.0,11/22/11 16:33,0.83,12775
578082,23145,ZINC T-LIGHT HOLDER STAR LARGE,12.0,11/22/11 16:33,0.95,12775
578082,,POSTAGE,1.0,11/22/11 16:33,15.0,12775
578140,22417,PACK OF 60 SPACEBOY CAKE CASES,240.0,11/23/11 10:58,0.42,14646
578140,22551,PLASTERS IN TIN SPACEBOY,96.0,11/23/11 10:58,1.45,14646
578140,22557,PLASTERS IN TIN VINTAGE PAISLEY,96.0,11/23/11 10:58,1.45,14646
578140,22556,PLASTERS IN TIN CIRCUS PARADE,96.0,11/23/11 10:58,1.45,14646
578140,22553,PLASTERS IN TIN SKULLS,96.0,11/23/11 10:58,1.45,14646
578140,22554,PLASTERS IN TIN WOODLAND ANIMALS,192.0,11/23/11 10:58,1.45,14646
578140,22630,DOLLY GIRL LUNCH BOX,192.0,11/23/11 10:58,1.65,14646
578140,22629,SPACEBOY LUNCH BOX,256.0,11/23/11 10:58,1.65,14646
578140,22631,CIRCUS PARADE LUNCH BOX,64.0,11/23/11 10:58,1.65,14646
578140,22295,HEART FILIGREE DOVE LARGE,216.0,11/23/11 10:58,1.45,14646
578140,23389,SPACEBOY MINI BACKPACK,100.0,11/23/11 10:58,3.75,14646
578140,22899,CHILDREN'S APRON DOLLY GIRL,100.0,11/23/11 10:58,1.85,14646
578140,23077,DOUGHNUT LIP GLOSS,200.0,11/23/11 10:58,1.04,14646
578140,22382,LUNCH BAG SPACEBOY DESIGN,200.0,11/23/11 10:58,1.45,14646
578140,22152,PLACE SETTING WHITE STAR,432.0,11/23/11 10:58,0.36,14646
578140,22326,ROUND SNACK BOXES SET OF4 WOODLAND,144.0,11/23/11 10:58,2.55,14646
578140,22356,CHARLOTTE BAG PINK POLKADOT,200.0,11/23/11 10:58,0.72,14646
578140,23207,LUNCH BAG ALPHABET DESIGN,200.0,11/23/11 10:58,1.45,14646
578140,22024,RAINY LADIES BIRTHDAY CARD,72.0,11/23/11 10:58,0.36,14646
578140,22752,SET 7 BABUSHKA NESTING BOXES,24.0,11/23/11 10:58,7.65,14646
578140,21787,RAIN PONCHO RETROSPOT,288.0,11/23/11 10:58,0.65,14646
578140,23179,CLOCK MAGNET MUM'S KITCHEN,36.0,11/23/11 10:58,2.49,14646
578140,23007,SPACEBOY BABY GIFT SET,12.0,11/23/11 10:58,14.95,14646
578140,23008,DOLLY GIRL BABY GIFT SET,12.0,11/23/11 10:58,14.95,14646
578140,23010,CIRCUS PARADE BABY GIFT SET,12.0,11/23/11 10:58,14.95,14646
578140,23388,WOODLAND MINI BACKPACK,50.0,11/23/11 10:58,3.75,14646
578140,22993,SET OF 4 PANTRY JELLY MOULDS,72.0,11/23/11 10:58,1.06,14646
578140,,WHITE HANGING HEART T-LIGHT HOLDER,160.0,11/23/11 10:58,2.55,14646
578140,23110,PARISIENNE KEY CABINET,16.0,11/23/11 10:58,4.95,14646
578140,22966,GINGERBREAD MAN COOKIE CUTTER,144.0,11/23/11 10:58,1.06,14646
578140,22654,DELUXE SEWING KIT,40.0,11/23/11 10:58,4.95,14646
578140,23371,SET 36 COLOUR PENCILS SPACEBOY,128.0,11/23/11 10:58,1.06,14646
578140,22530,MAGIC DRAWING SLATE DOLLY GIRL,192.0,11/23/11 10:58,0.36,14646
578140,22585,PACK OF 6 BIRDY GIFT TAGS,144.0,11/23/11 10:58,1.06,14646
578140,,PINK FAIRY CAKE CHILDRENS APRON,50.0,11/23/11 10:58,1.65,14646
578140,85178,VICTORIAN SEWING KIT,288.0,11/23/11 10:58,0.85,14646
578140,23205,CHARLOTTE BAG VINTAGE ALPHABET,200.0,11/23/11 10:58,0.72,14646
578140,20724,RED RETROSPOT CHARLOTTE BAG,200.0,11/23/11 10:58,0.72,14646
578140,23583,LUNCH BAG PAISLEY PARK,200.0,11/23/11 10:58,1.45,14646
578140,22383,LUNCH BAG SUKI DESIGN,100.0,11/23/11 10:58,1.45,14646
578140,20727,LUNCH BAG  BLACK SKULL.,100.0,11/23/11 10:58,1.45,14646
578140,22367,CHILDRENS APRON SPACEBOY DESIGN,100.0,11/23/11 10:58,1.65,14646
578141,23681,LUNCH BAG RED VINTAGE DOILY,200.0,11/23/11 11:04,1.45,14646
578143,21218,RED SPOTTY BISCUIT TIN,24.0,11/23/11 11:06,3.25,14646
578143,23173,REGENCY TEAPOT ROSES,12.0,11/23/11 11:06,8.15,14646
578143,22992,REVOLVER WOODEN RULER,144.0,11/23/11 11:06,1.65,14646
578143,23245,SET OF 3 REGENCY CAKE TINS,16.0,11/23/11 11:06,4.15,14646
578143,22659,LUNCH BOX I LOVE LONDON,64.0,11/23/11 11:06,1.65,14646
578143,21242,RED RETROSPOT PLATE,96.0,11/23/11 11:06,1.45,14646
578143,21243,PINK POLKADOT PLATE,96.0,11/23/11 11:06,1.45,14646
578143,22328,ROUND SNACK BOXES SET OF 4 FRUITS,192.0,11/23/11 11:06,2.55,14646
578143,23372,SET 36 COLOUR PENCILS DOLLY GIRL,128.0,11/23/11 11:06,1.06,14646
578143,23369,SET 36 COLOUR PENCILS LOVE LONDON,128.0,11/23/11 11:06,1.06,14646
578143,20973,12 PENCIL SMALL TUBE WOODLAND,384.0,11/23/11 11:06,0.55,14646
579528,23201,JUMBO BAG ALPHABET,30.0,11/30/11 8:44,2.08,12787
579528,23344,JUMBO BAG 50'S CHRISTMAS,10.0,11/30/11 8:44,2.08,12787
579528,23203,JUMBO BAG VINTAGE DOILY,10.0,11/30/11 8:44,2.08,12787
579528,,POSTAGE,1.0,11/30/11 8:44,15.0,12787
581175,22973,CHILDREN'S CIRCUS PARADE MUG,48.0,12/7/11 15:16,1.45,14646
581175,23280,FOLDING BUTTERFLY MIRROR HOT PINK,96.0,12/7/11 15:16,0.72,14646
581175,23281,FOLDING BUTTERFLY MIRROR RED,96.0,12/7/11 15:16,0.72,14646
581175,23498,CLASSIC BICYCLE CLIPS,72.0,12/7/11 15:16,1.25,14646
581175,23575,SNACK TRAY PAISLEY PARK,48.0,12/7/11 15:16,1.65,14646
581175,22483,RED GINGHAM TEDDY BEAR,48.0,12/7/11 15:16,2.55,14646
581175,22326,ROUND SNACK BOXES SET OF4 WOODLAND,96.0,12/7/11 15:16,2.55,14646
581175,23446,BLUE BUNNY EASTER EGG BASKET,144.0,12/7/11 15:16,1.45,14646
581175,23238,SET OF 4 KNICK KNACK TINS LONDON,48.0,12/7/11 15:16,3.75,14646
581175,22814,CARD PARTY GAMES,144.0,12/7/11 15:16,0.36,14646
581175,22037,ROBOT BIRTHDAY CARD,144.0,12/7/11 15:16,0.36,14646
581175,23569,TRADTIONAL ALPHABET STAMP SET,108.0,12/7/11 15:16,4.15,14646
581175,23440,PAINT YOUR OWN EGGS IN CRATE,144.0,12/7/11 15:16,1.79,14646
581175,20718,RED RETROSPOT SHOPPER BAG,100.0,12/7/11 15:16,1.06,14646
581175,21156,RETROSPOT CHILDRENS APRON,60.0,12/7/11 15:16,1.65,14646
581175,21485,RETROSPOT HEART HOT WATER BOTTLE,24.0,12/7/11 15:16,4.25,14646
581175,21791,VINTAGE HEADS AND TAILS CARD GAME,72.0,12/7/11 15:16,1.06,14646
581175,22029,SPACEBOY BIRTHDAY CARD,144.0,12/7/11 15:16,0.36,14646
581175,22175,PINK OWL SOFT TOY,48.0,12/7/11 15:16,2.55,14646
581175,21564,PINK  HEART SHAPE LOVE BUCKET,120.0,12/7/11 15:16,0.79,14646
581175,21563,RED HEART SHAPE LOVE BUCKET,120.0,12/7/11 15:16,0.79,14646
581175,22471,TV DINNER TRAY AIR HOSTESS,32.0,12/7/11 15:16,1.95,14646
581175,22472,TV DINNER TRAY DOLLY GIRL,32.0,12/7/11 15:16,1.95,14646
581175,22474,SPACEBOY TV DINNER TRAY,32.0,12/7/11 15:16,1.95,14646
581175,22539,MINI JIGSAW DOLLY GIRL,144.0,12/7/11 15:16,0.19,14646
581175,22509,SEWING BOX RETROSPOT DESIGN,16.0,12/7/11 15:16,3.95,14646
581175,22540,MINI JIGSAW CIRCUS PARADE,144.0,12/7/11 15:16,0.19,14646
581175,22544,MINI JIGSAW SPACEBOY,144.0,12/7/11 15:16,0.19,14646
581175,22755,SMALL PURPLE BABUSHKA NOTEBOOK,144.0,12/7/11 15:16,0.21,14646
581175,22758,LARGE PURPLE BABUSHKA NOTEBOOK,144.0,12/7/11 15:16,0.39,14646
581175,22754,SMALL RED BABUSHKA NOTEBOOK,144.0,12/7/11 15:16,0.21,14646
581175,22757,LARGE RED BABUSHKA NOTEBOOK,144.0,12/7/11 15:16,0.39,14646
581175,22905,CALENDAR IN SEASON DESIGN,40.0,12/7/11 15:16,1.25,14646
581175,,BLUE CLIMBING HYDRANGA ART FLOWER,24.0,12/7/11 15:16,1.25,14646
581175,,BLUE DELPHINIUM ARTIFICIAL FLOWER,36.0,12/7/11 15:16,0.79,14646
581175,,PINK CANDYSTUFT ARTIFICIAL FLOWER,24.0,12/7/11 15:16,0.39,14646
581175,22393,PAPERWEIGHT VINTAGE COLLAGE,96.0,12/7/11 15:16,0.39,14646
581175,22423,REGENCY CAKESTAND 3 TIER,32.0,12/7/11 15:16,10.95,14646
581175,22549,PICTURE DOMINOES,72.0,12/7/11 15:16,1.25,14646
581175,22960,JAM MAKING SET WITH JARS,24.0,12/7/11 15:16,3.75,14646
581175,22712,CARD DOLLY GIRL,144.0,12/7/11 15:16,0.36,14646
581175,23245,SET OF 3 REGENCY CAKE TINS,48.0,12/7/11 15:16,4.15,14646
581175,23292,SPACEBOY CHILDRENS CUP,96.0,12/7/11 15:16,1.05,14646
581175,23560,SET OF 6 RIBBONS COUNTRY STYLE,60.0,12/7/11 15:16,2.49,14646
581175,23561,SET OF 6 RIBBONS PARTY,60.0,12/7/11 15:16,2.49,14646
581175,23562,SET OF 6 RIBBONS PERFECTLY PRETTY,60.0,12/7/11 15:16,2.49,14646
581175,22625,RED KITCHEN SCALES,12.0,12/7/11 15:16,7.65,14646
581175,22626,BLACK KITCHEN SCALES,12.0,12/7/11 15:16,7.65,14646
581175,23192,BUNDLE OF 3 ALPHABET EXERCISE BOOKS,96.0,12/7/11 15:16,1.45,14646
581175,22865,HAND WARMER OWL DESIGN,96.0,12/7/11 15:16,1.85,14646
581175,23390,DOLLY GIRL MINI BACKPACK,50.0,12/7/11 15:16,3.75,14646
581175,23229,VINTAGE DONKEY TAIL GAME,36.0,12/7/11 15:16,3.39,14646
581175,23256,CHILDRENS CUTLERY SPACEBOY,72.0,12/7/11 15:16,3.75,14646
581175,22432,WATERING CAN PINK BUNNY,48.0,12/7/11 15:16,1.65,14646
581175,23552,BICYCLE PUNCTURE REPAIR KIT,72.0,12/7/11 15:16,1.79,14646
581175,23598,PAPER BUNTING VINTAGE PARTY,80.0,12/7/11 15:16,2.55,14646
581175,23597,PAPER BUNTING PAISLEY PARK,80.0,12/7/11 15:16,2.55,14646
581175,23483,HANGING  BUTTERFLY T-LIGHT HOLDER,72.0,12/7/11 15:16,1.04,14646
581175,23447,PINK BUNNY EASTER EGG BASKET,144.0,12/7/11 15:16,1.45,14646
581175,,SCOTTIE DOGS BABY BIB,96.0,12/7/11 15:16,0.39,14646
581175,23081,GREEN METAL BOX ARMY SUPPLIES,16.0,12/7/11 15:16,7.5,14646
581175,23080,RED METAL BOX TOP SECRET,16.0,12/7/11 15:16,7.5,14646
581175,21671,RED SPOT CERAMIC DRAWER KNOB,96.0,12/7/11 15:16,1.25,14646
581175,21731,RED TOADSTOOL LED NIGHT LIGHT,24.0,12/7/11 15:16,1.65,14646
581175,22467,GUMBALL COAT RACK,72.0,12/7/11 15:16,2.1,14646
581175,22487,WHITE WOOD GARDEN PLANT LADDER,4.0,12/7/11 15:16,8.5,14646
581175,22489,PACK OF 12 TRADITIONAL CRAYONS,144.0,12/7/11 15:16,0.36,14646
581175,22563,HAPPY STENCIL CRAFT,72.0,12/7/11 15:16,1.06,14646
581175,22846,BREAD BIN DINER STYLE RED,4.0,12/7/11 15:16,14.95,14646
581175,23154,SET OF 4 JAM JAR MAGNETS,120.0,12/7/11 15:16,1.85,14646
581175,23171,REGENCY TEA PLATE GREEN,48.0,12/7/11 15:16,1.45,14646
581175,23172,REGENCY TEA PLATE PINK,48.0,12/7/11 15:16,1.45,14646
581175,23209,LUNCH BAG VINTAGE DOILY,100.0,12/7/11 15:16,1.45,14646
581175,23290,SPACEBOY CHILDRENS BOWL,144.0,12/7/11 15:16,1.05,14646
581175,22867,HAND WARMER BIRD DESIGN,96.0,12/7/11 15:16,1.85,14646
581175,23084,RABBIT NIGHT LIGHT,1440.0,12/7/11 15:16,1.79,14646
581175,22343,PARTY PIZZA DISH RED RETROSPOT,96.0,12/7/11 15:16,0.19,14646
581176,22561,WOODEN SCHOOL COLOURING SET,72.0,12/7/11 15:19,1.45,14646
581176,22795,SWEETHEART RECIPE BOOK STAND,16.0,12/7/11 15:19,5.95,14646
581176,23112,PARISIENNE CURIO CABINET,12.0,12/7/11 15:19,6.65,14646
581176,23118,PARISIENNE JEWELLERY DRAWER,16.0,12/7/11 15:19,6.65,14646
581176,22908,PACK OF 20 NAPKINS RED APPLES,96.0,12/7/11 15:19,0.72,14646
581176,22907,PACK OF 20 NAPKINS PANTRY DESIGN,96.0,12/7/11 15:19,0.72,14646
581176,22029,SPACEBOY BIRTHDAY CARD,72.0,12/7/11 15:19,0.36,14646
581176,22712,CARD DOLLY GIRL,72.0,12/7/11 15:19,0.36,14646
581338,23344,JUMBO BAG 50'S CHRISTMAS,140.0,12/8/11 12:12,1.79,14646
